STEM_V1_CL-Z891-SIDE_{581.639038, -147.455316, 620.795137}
STEM_V1_CL-Z891-SIDE_{581.989951, -140.770904, 622.939624}
STEM_V1_CL-Z891-SIDE_{580.849382, -168.307609, 614.014418}
STEM_V1_CL-Z891-SIDE_{581.185283, -157.942114, 617.410522}
STEM_V1_CL-Z891-SIDE_{580.339038, -189.004262, 607.104792}
STEM_V1_CL-Z891-SIDE_{580.566822, -178.661619, 610.578651}
STEM_V1_CL-Z891-SIDE_{580.058254, -209.65554, 600.047872}
STEM_V1_CL-Z891-SIDE_{580.168545, -199.335557, 603.594079}
STEM_V1_CL-Z891-SIDE_{580.022115, -228.664151, 593.41725}
STEM_V1_CL-Z891-SIDE_{580.010038, -220.061606, 596.433221}
STEM_V1_CL-Z891-SIDE_{580.191188, -245.845159, 587.319594}
STEM_V1_CL-Z891-SIDE_{580.082077, -237.25872, 590.379191}
STEM_V1_CL-Z891-SIDE_{580.566388, -262.993427, 581.139574}
STEM_V1_CL-Z891-SIDE_{580.351854, -254.423427, 584.239418}
STEM_V1_CL-Z891-SIDE_{581.249984, -282.095688, 574.15146}
STEM_V1_CL-Z891-SIDE_{580.89972, -273.347156, 577.364953}
STEM_V1_CL-Z891-SIDE_{582.151151, -299.563695, 567.671098}
STEM_V1_CL-Z891-SIDE_{581.665342, -290.834694, 570.919858}
STEM_V1_CL-Z891-SIDE_{583.360255, -316.989033, 561.126523}
STEM_V1_CL-Z891-SIDE_{582.713755, -308.282076, 564.406264}
STEM_V1_CL-Z891-SIDE_{585.176407, -336.86046, 553.571535}
STEM_V1_CL-Z891-SIDE_{584.22831, -327.239981, 557.24044}
STEM_V1_CL-Z891-SIDE_{587.482544, -356.041419, 546.195424}
STEM_V1_CL-Z891-SIDE_{586.261463, -346.461503, 549.889675}
STEM_V1_CL-Z891-SIDE_{590.516651, -375.685382, 538.558007}
STEM_V1_CL-Z891-SIDE_{588.853654, -365.597161, 542.491275}
STEM_V1_CL-Z891-SIDE_{593.918529, -393.469848, 531.575744}
STEM_V1_CL-Z891-SIDE_{592.167322, -384.587894, 535.068618}
STEM_V1_CL-Z891-SIDE_{597.602594, -411.192764, 524.579425}
STEM_V1_CL-Z891-SIDE_{595.735154, -402.337417, 528.079688}
STEM_V1_CL-Z891-SIDE_{602.026951, -431.74092, 516.402532}
STEM_V1_CL-Z891-SIDE_{599.783884, -421.21303, 520.601151}
STEM_V1_CL-Z891-SIDE_{605.862376, -452.889383, 507.92525}
STEM_V1_CL-Z891-SIDE_{604.115196, -442.290903, 512.1803}
STEM_V1_CL-Z891-SIDE_{607.652113, -471.757313, 500.31984}
STEM_V1_CL-Z891-SIDE_{607.130823, -463.073505, 503.824473}
STEM_V1_CL-Z891-SIDE_{606.864647, -489.117464, 493.293778}
STEM_V1_CL-Z891-SIDE_{607.588578, -480.451354, 496.804178}
STEM_V1_CL-Z891-SIDE_{602.528472, -510.429396, 484.639498}
STEM_V1_CL-Z891-SIDE_{605.171045, -499.18165, 489.210245}
STEM_V1_CL-Z891-SIDE_{598.167439, -531.620822, 476.007995}
STEM_V1_CL-Z891-SIDE_{599.518006, -521.59668, 480.095428}
STEM_V1_CL-Z891-SIDE_{606.548701, -550.413088, 468.23482}
STEM_V1_CL-Z891-SIDE_{600.943371, -541.541597, 471.929299}
STEM_V1_CL-Z891-SIDE_{620.597174, -566.095755, 461.540767}
STEM_V1_CL-Z891-SIDE_{613.393867, -558.50616, 464.810678}
STEM_V1_CL-Z891-SIDE_{634.978617, -581.182768, 454.824513}
STEM_V1_CL-Z891-SIDE_{627.872626, -573.586944, 458.245685}
STEM_V1_CL-Z891-SIDE_{647.677446, -597.305412, 447.235977}
STEM_V1_CL-Z891-SIDE_{641.674583, -589.043294, 451.185263}
STEM_V1_CL-Z891-SIDE_{655.743819, -613.98656, 438.79318}
STEM_V1_CL-Z891-SIDE_{652.32089, -605.446664, 443.199764}
STEM_V1_CL-Z891-SIDE_{658.296238, -630.539377, 429.64752}
STEM_V1_CL-Z891-SIDE_{657.803583, -623.427873, 433.683779}
STEM_V1_CL-Z891-SIDE_{657.036554, -646.798021, 419.707759}
STEM_V1_CL-Z891-SIDE_{658.061986, -637.584809, 425.470667}
STEM_V1_CL-Z891-SIDE_{655.327328, -659.852597, 410.862154}
STEM_V1_CL-Z891-SIDE_{656.114034, -653.369506, 415.362943}
STEM_V1_CL-Z891-SIDE_{655.732572, -674.889333, 399.468896}
STEM_V1_CL-Z891-SIDE_{654.994992, -668.646738, 404.375026}
STEM_V1_CL-Z891-SIDE_{657.630551, -680.847084, 394.525824}
STEM_V1_CL-Z891-SIDE_{657.630551, -680.847084, 394.525824}
STEM_V1_CL-Z891-SIDE_{657.630551, -680.847084, 394.525824}
STEM_V1_CL-Z891-SIDE_{657.630551, -680.847084, 394.525824}
STEM_U0_CL-Z891-SIDE_{539.539454, -27.94593, 598.35129}
STEM_U0_CL-Z891-SIDE_{536.996458, -18.639713, 596.823133}
STEM_U0_CL-Z891-SIDE_{544.884633, -46.483638, 601.418733}
STEM_U0_CL-Z891-SIDE_{542.172495, -37.226389, 599.883793}
STEM_U0_CL-Z891-SIDE_{550.534165, -64.930449, 604.488868}
STEM_U0_CL-Z891-SIDE_{547.672357, -55.718363, 602.953949}
STEM_U0_CL-Z891-SIDE_{557.174874, -85.3811, 607.90749}
STEM_U0_CL-Z891-SIDE_{553.470266, -74.119167, 606.023538}
STEM_U0_CL-Z891-SIDE_{563.218076, -103.126455, 610.872481}
STEM_U0_CL-Z891-SIDE_{560.167377, -94.263371, 609.391876}
STEM_U0_CL-Z891-SIDE_{569.485003, -120.797018, 613.819808}
STEM_U0_CL-Z891-SIDE_{566.325159, -111.97065, 612.34879}
STEM_U0_CL-Z891-SIDE_{575.952062, -138.399369, 616.74297}
STEM_U0_CL-Z891-SIDE_{572.694219, -129.606592, 615.284607}
STEM_U0_CL-Z891-SIDE_{583.498129, -158.184785, 620.018641}
STEM_U0_CL-Z891-SIDE_{579.259459, -147.174655, 618.195129}
STEM_U0_CL-Z891-SIDE_{588.830259, -171.874354, 622.259534}
STEM_U0_CL-Z891-SIDE_{588.830259, -171.874354, 622.259534}
STEM_U0_CL-Z891-SIDE_{588.830259, -171.874354, 622.259534}
STEM_U0_CL-Z891-SIDE_{588.830259, -171.874354, 622.259534}
STEM_U1_CL-Z891-SIDE_{515.333442, -28.10167, 562.416068}
STEM_U1_CL-Z891-SIDE_{513.015875, -19.048004, 560.661029}
STEM_U1_CL-Z891-SIDE_{520.208885, -46.151208, 565.896749}
STEM_U1_CL-Z891-SIDE_{517.725702, -37.139408, 564.152852}
STEM_U1_CL-Z891-SIDE_{525.427191, -64.100706, 569.397967}
STEM_U1_CL-Z891-SIDE_{522.778609, -55.137585, 567.646499}
STEM_U1_CL-Z891-SIDE_{531.685413, -84.285235, 573.352876}
STEM_U1_CL-Z891-SIDE_{528.148914, -73.042157, 571.148072}
STEM_U1_CL-Z891-SIDE_{538.110662, -103.851743, 577.181063}
STEM_U1_CL-Z891-SIDE_{534.859393, -94.080388, 575.271005}
STEM_U1_CL-Z891-SIDE_{544.828041, -123.327682, 580.969646}
STEM_U1_CL-Z891-SIDE_{541.434967, -113.60043, 579.081218}
STEM_U1_CL-Z891-SIDE_{551.806665, -142.721492, 584.707133}
STEM_U1_CL-Z891-SIDE_{548.286119, -133.034533, 582.845098}
STEM_U1_CL-Z891-SIDE_{559.432589, -163.100044, 588.590994}
STEM_U1_CL-Z891-SIDE_{555.914565, -153.793736, 586.823212}
STEM_U1_CL-Z891-SIDE_{566.622456, -181.661119, 592.087441}
STEM_U1_CL-Z891-SIDE_{563.002537, -172.389037, 590.345712}
STEM_U1_CL-Z891-SIDE_{574.006138, -200.155556, 595.532781}
STEM_U1_CL-Z891-SIDE_{570.29092, -190.916512, 593.816326}
STEM_U1_CL-Z891-SIDE_{582.304905, -220.341735, 599.251194}
STEM_U1_CL-Z891-SIDE_{577.766878, -209.378413, 597.237112}
STEM_U1_CL-Z891-SIDE_{590.39658, -239.489365, 602.740794}
STEM_U1_CL-Z891-SIDE_{586.327945, -229.924092, 601.001987}
STEM_U1_CL-Z891-SIDE_{598.666462, -258.569142, 606.184004}
STEM_U1_CL-Z891-SIDE_{594.5099, -249.037625, 604.467942}
STEM_U1_CL-Z891-SIDE_{607.698647, -278.890328, 609.814159}
STEM_U1_CL-Z891-SIDE_{602.865106, -268.084103, 607.889475}
STEM_U1_CL-Z891-SIDE_{615.214332, -295.44087, 612.739177}
STEM_U1_CL-Z891-SIDE_{611.444093, -287.170604, 611.280201}
STEM_U1_CL-Z891-SIDE_{622.830747, -311.949937, 615.637746}
STEM_U1_CL-Z891-SIDE_{619.0062, -303.702279, 614.192268}
STEM_U2_CL-Z891-SIDE_{500.355809, -29.270507, 526.163477}
STEM_U2_CL-Z891-SIDE_{498.340494, -19.018159, 523.745127}
STEM_U2_CL-Z891-SIDE_{504.811712, -49.707967, 530.908411}
STEM_U2_CL-Z891-SIDE_{502.511287, -39.501896, 528.549451}
STEM_U2_CL-Z891-SIDE_{509.799543, -70.042698, 535.565385}
STEM_U2_CL-Z891-SIDE_{507.24387, -59.888398, 533.245996}
STEM_U2_CL-Z891-SIDE_{515.481846, -91.016876, 540.316508}
STEM_U2_CL-Z891-SIDE_{512.807162, -81.377947, 538.138884}
STEM_U2_CL-Z891-SIDE_{521.127003, -110.220145, 544.626598}
STEM_U2_CL-Z891-SIDE_{518.256669, -100.630922, 542.478794}
STEM_U2_CL-Z891-SIDE_{527.135774, -129.324966, 548.882534}
STEM_U2_CL-Z891-SIDE_{524.08815, -119.784749, 546.760869}
STEM_U2_CL-Z891-SIDE_{534.033666, -149.943471, 553.445752}
STEM_U2_CL-Z891-SIDE_{530.26653, -138.840878, 550.99228}
STEM_U2_CL-Z891-SIDE_{540.260487, -167.598882, 557.332901}
STEM_U2_CL-Z891-SIDE_{537.114615, -158.781642, 555.393793}
STEM_U2_CL-Z891-SIDE_{546.736929, -185.171666, 561.186541}
STEM_U2_CL-Z891-SIDE_{543.4686, -176.395501, 559.263682}
STEM_U2_CL-Z891-SIDE_{553.446248, -202.663472, 565.010153}
STEM_U2_CL-Z891-SIDE_{550.063539, -193.927558, 563.101868}
STEM_U2_CL-Z891-SIDE_{561.753568, -223.470194, 569.545782}
STEM_U2_CL-Z891-SIDE_{557.761142, -213.578475, 567.390974}
STEM_U2_CL-Z891-SIDE_{569.934344, -243.178408, 573.832009}
STEM_U2_CL-Z891-SIDE_{565.812156, -233.336686, 571.69264}
STEM_U2_CL-Z891-SIDE_{578.360976, -262.788963, 578.08984}
STEM_U2_CL-Z891-SIDE_{574.117496, -252.995893, 575.964397}
STEM_U2_CL-Z891-SIDE_{586.970574, -282.188517, 582.296285}
STEM_U2_CL-Z891-SIDE_{583.096756, -273.532549, 580.419897}
STEM_U2_CL-Z891-SIDE_{594.848176, -299.444869, 586.034177}
STEM_U2_CL-Z891-SIDE_{590.888032, -290.8259, 584.167705}
STEM_U2_CL-Z891-SIDE_{602.892945, -316.62821, 589.752356}
STEM_U2_CL-Z891-SIDE_{598.850153, -308.045563, 587.895717}
STEM_U2_CL-Z891-SIDE_{612.144855, -335.89606, 593.916139}
STEM_U2_CL-Z891-SIDE_{607.95781, -327.237808, 592.046065}
STEM_U2_CL-Z891-SIDE_{620.636477, -353.158021, 597.643144}
STEM_U2_CL-Z891-SIDE_{616.371192, -344.536239, 595.781405}
STEM_U2_CL-Z891-SIDE_{629.283059, -370.345434, 601.358384}
STEM_U2_CL-Z891-SIDE_{624.940443, -361.761131, 599.502239}
STEM_U2_CL-Z891-SIDE_{639.221319, -389.71627, 605.512218}
STEM_U2_CL-Z891-SIDE_{634.639665, -380.8432, 603.607925}
STEM_U2_CL-Z891-SIDE_{648.493509, -407.409014, 609.30553}
STEM_U2_CL-Z891-SIDE_{643.840907, -398.570627, 607.411975}
STEM_U2_CL-Z891-SIDE_{648.493509, -407.409014, 609.30553}
STEM_U2_CL-Z891-SIDE_{648.493509, -407.409014, 609.30553}
STEM_U3_CL-Z891-SIDE_{498.505437, -29.786224, 487.677339}
STEM_U3_CL-Z891-SIDE_{497.133703, -19.428767, 485.246182}
STEM_U3_CL-Z891-SIDE_{501.533006, -50.460802, 492.541826}
STEM_U3_CL-Z891-SIDE_{499.970668, -40.130922, 490.108327}
STEM_U3_CL-Z891-SIDE_{504.949085, -71.069757, 497.427409}
STEM_U3_CL-Z891-SIDE_{503.193006, -60.77406, 494.981167}
STEM_U3_CL-Z891-SIDE_{508.899169, -92.367233, 502.521634}
STEM_U3_CL-Z891-SIDE_{507.027349, -82.575484, 500.174365}
STEM_U3_CL-Z891-SIDE_{512.923229, -111.892141, 507.227249}
STEM_U3_CL-Z891-SIDE_{510.8647, -102.13971, 504.872619}
STEM_U3_CL-Z891-SIDE_{517.331973, -131.331202, 511.943376}
STEM_U3_CL-Z891-SIDE_{515.077658, -121.623178, 509.58458}
STEM_U3_CL-Z891-SIDE_{522.569257, -152.306478, 517.063111}
STEM_U3_CL-Z891-SIDE_{519.68716, -141.015025, 514.303099}
STEM_U3_CL-Z891-SIDE_{527.285076, -169.620614, 521.309662}
STEM_U3_CL-Z891-SIDE_{524.88525, -160.974819, 519.186973}
STEM_U3_CL-Z891-SIDE_{532.334943, -186.841835, 525.549938}
STEM_U3_CL-Z891-SIDE_{529.768465, -178.24315, 523.430842}
STEM_U3_CL-Z891-SIDE_{537.712037, -203.966227, 529.780082}
STEM_U3_CL-Z891-SIDE_{534.983278, -195.416295, 527.666475}
STEM_U3_CL-Z891-SIDE_{544.673585, -224.643625, 534.903623}
STEM_U3_CL-Z891-SIDE_{541.381508, -215.048342, 532.524341}
STEM_U3_CL-Z891-SIDE_{551.539734, -243.738735, 539.646598}
STEM_U3_CL-Z891-SIDE_{548.059898, -234.207328, 537.277787}
STEM_U3_CL-Z891-SIDE_{558.76377, -262.707088, 544.366754}
STEM_U3_CL-Z891-SIDE_{555.108955, -253.238458, 542.009693}
STEM_U3_CL-Z891-SIDE_{566.620029, -282.28363, 549.244297}
STEM_U3_CL-Z891-SIDE_{563.085909, -273.597313, 547.079563}
STEM_U3_CL-Z891-SIDE_{573.883596, -299.579682, 553.556537}
STEM_U3_CL-Z891-SIDE_{570.220191, -290.944207, 551.403334}
STEM_U3_CL-Z891-SIDE_{581.389045, -316.778132, 557.844966}
STEM_U3_CL-Z891-SIDE_{577.607223, -308.190849, 555.703783}
STEM_U3_CL-Z891-SIDE_{590.606591, -337.099493, 562.910756}
STEM_U3_CL-Z891-SIDE_{586.190802, -327.461915, 560.508766}
STEM_U3_CL-Z891-SIDE_{599.635993, -356.288767, 567.690235}
STEM_U3_CL-Z891-SIDE_{595.089175, -346.708215, 565.304616}
STEM_U3_CL-Z891-SIDE_{609.419985, -376.367849, 572.684075}
STEM_U3_CL-Z891-SIDE_{604.243593, -365.842317, 570.067513}
STEM_U3_CL-Z891-SIDE_{619.089513, -395.629263, 577.464505}
STEM_U3_CL-Z891-SIDE_{614.23895, -386.005782, 575.07712}
STEM_U3_CL-Z891-SIDE_{628.818816, -414.864086, 582.23087}
STEM_U3_CL-Z891-SIDE_{623.955838, -405.245668, 579.848338}
STEM_U3_CL-Z891-SIDE_{637.955868, -433.632444, 586.868704}
STEM_U3_CL-Z891-SIDE_{634.03255, -425.373605, 584.829836}
STEM_U3_CL-Z891-SIDE_{645.25436, -450.385307, 590.996032}
STEM_U3_CL-Z891-SIDE_{641.716301, -441.962945, 588.92252}
STEM_U3_CL-Z891-SIDE_{652.178381, -470.027145, 595.819394}
STEM_U3_CL-Z891-SIDE_{648.503128, -458.917392, 593.093405}
STEM_U3_CL-Z891-SIDE_{656.92639, -490.955356, 600.938477}
STEM_U3_CL-Z891-SIDE_{654.898473, -480.416756, 598.363335}
STEM_U3_CL-Z891-SIDE_{658.163334, -501.610669, 603.533037}
STEM_U3_CL-Z891-SIDE_{658.163334, -501.610669, 603.533037}
STEM_U4_CL-Z891-SIDE_{501.912846, -28.763279, 448.496028}
STEM_U4_CL-Z891-SIDE_{500.768061, -18.911795, 445.98541}
STEM_U4_CL-Z891-SIDE_{504.458283, -48.436571, 453.509793}
STEM_U4_CL-Z891-SIDE_{503.143908, -38.605371, 451.002695}
STEM_U4_CL-Z891-SIDE_{507.326026, -68.063234, 458.53248}
STEM_U4_CL-Z891-SIDE_{505.854709, -58.25581, 456.019426}
STEM_U4_CL-Z891-SIDE_{510.813369, -89.58002, 464.07078}
STEM_U4_CL-Z891-SIDE_{509.1464, -79.558842, 461.486738}
STEM_U4_CL-Z891-SIDE_{514.358215, -109.582097, 469.254076}
STEM_U4_CL-Z891-SIDE_{512.551497, -99.58783, 466.659747}
STEM_U4_CL-Z891-SIDE_{518.168177, -129.529402, 474.460374}
STEM_U4_CL-Z891-SIDE_{516.231139, -119.562669, 471.85417}
STEM_U4_CL-Z891-SIDE_{522.533067, -150.853093, 480.069987}
STEM_U4_CL-Z891-SIDE_{520.167965, -139.482082, 477.072877}
STEM_U4_CL-Z891-SIDE_{526.405632, -168.683656, 484.797429}
STEM_U4_CL-Z891-SIDE_{524.445643, -159.774239, 482.431012}
STEM_U4_CL-Z891-SIDE_{530.465593, -186.466745, 489.546434}
STEM_U4_CL-Z891-SIDE_{528.412612, -177.581176, 487.169219}
STEM_U4_CL-Z891-SIDE_{534.714677, -204.199986, 494.316308}
STEM_U4_CL-Z891-SIDE_{532.56576, -195.339877, 491.928879}
STEM_U4_CL-Z891-SIDE_{539.907763, -224.739366, 499.883405}
STEM_U4_CL-Z891-SIDE_{537.524249, -215.466513, 497.364439}
STEM_U4_CL-Z891-SIDE_{544.871787, -243.229942, 504.93317}
STEM_U4_CL-Z891-SIDE_{542.355264, -233.994391, 502.406564}
STEM_U4_CL-Z891-SIDE_{550.13031, -261.635893, 509.993787}
STEM_U4_CL-Z891-SIDE_{547.461679, -252.444429, 507.462529}
STEM_U4_CL-Z891-SIDE_{556.225073, -281.539885, 515.502404}
STEM_U4_CL-Z891-SIDE_{553.478563, -272.755805, 513.066968}
STEM_U4_CL-Z891-SIDE_{561.969715, -299.02781, 520.370907}
STEM_U4_CL-Z891-SIDE_{559.054776, -290.297656, 517.937348}
STEM_U4_CL-Z891-SIDE_{568.062722, -316.399924, 525.230418}
STEM_U4_CL-Z891-SIDE_{564.972182, -307.728912, 522.802092}
STEM_U4_CL-Z891-SIDE_{575.745621, -336.853729, 530.978707}
STEM_U4_CL-Z891-SIDE_{572.081307, -327.282674, 528.28579}
STEM_U4_CL-Z891-SIDE_{583.388004, -355.87771, 536.345874}
STEM_U4_CL-Z891-SIDE_{579.515385, -346.385432, 533.665643}
STEM_U4_CL-Z891-SIDE_{592.0051, -375.945444, 542.024571}
STEM_U4_CL-Z891-SIDE_{587.360178, -365.330863, 539.018692}
STEM_U4_CL-Z891-SIDE_{599.633687, -392.903499, 546.831306}
STEM_U4_CL-Z891-SIDE_{595.80886, -384.428927, 544.428936}
STEM_U4_CL-Z891-SIDE_{607.329935, -409.832728, 551.631835}
STEM_U4_CL-Z891-SIDE_{603.475756, -401.370722, 549.232078}
STEM_U4_CL-Z891-SIDE_{615.764291, -428.748745, 556.995995}
STEM_U4_CL-Z891-SIDE_{612.147045, -420.405947, 554.630944}
STEM_U4_CL-Z891-SIDE_{622.470214, -445.637717, 561.778669}
STEM_U4_CL-Z891-SIDE_{619.208362, -437.159577, 559.378665}
STEM_U4_CL-Z891-SIDE_{628.70766, -465.331803, 567.342338}
STEM_U4_CL-Z891-SIDE_{625.440776, -454.214827, 564.203877}
STEM_U4_CL-Z891-SIDE_{632.270888, -484.563388, 572.753759}
STEM_U4_CL-Z891-SIDE_{630.836668, -474.887419, 570.034178}
STEM_U4_CL-Z891-SIDE_{632.716043, -505.866018, 578.713977}
STEM_U4_CL-Z891-SIDE_{632.936787, -494.318044, 575.488016}
STEM_U4_CL-Z891-SIDE_{630.225596, -525.634293, 584.204082}
STEM_U4_CL-Z891-SIDE_{631.739504, -515.779547, 581.472694}
STEM_U4_CL-Z891-SIDE_{626.692415, -546.858744, 590.044533}
STEM_U4_CL-Z891-SIDE_{628.538238, -535.466487, 586.917133}
STEM_U4_CL-Z891-SIDE_{625.64572, -560.6988, 593.818194}
STEM_U4_CL-Z891-SIDE_{625.64572, -560.6988, 593.818194}
STEM_U4_CL-Z891-SIDE_{625.64572, -560.6988, 593.818194}
STEM_U4_CL-Z891-SIDE_{625.64572, -560.6988, 593.818194}
STEM_U5_CL-Z891-SIDE_{507.409341, -28.721324, 408.381925}
STEM_U5_CL-Z891-SIDE_{506.374421, -18.736584, 405.726333}
STEM_U5_CL-Z891-SIDE_{509.738558, -48.646505, 413.750986}
STEM_U5_CL-Z891-SIDE_{508.529707, -38.69087, 411.059827}
STEM_U5_CL-Z891-SIDE_{512.395593, -68.521329, 419.154601}
STEM_U5_CL-Z891-SIDE_{511.028504, -58.590141, 416.448862}
STEM_U5_CL-Z891-SIDE_{515.514493, -89.38784, 424.87985}
STEM_U5_CL-Z891-SIDE_{514.070052, -79.986872, 422.293369}
STEM_U5_CL-Z891-SIDE_{518.586062, -108.153533, 430.078743}
STEM_U5_CL-Z891-SIDE_{517.020643, -98.776771, 427.474839}
STEM_U5_CL-Z891-SIDE_{521.884405, -126.870329, 435.314917}
STEM_U5_CL-Z891-SIDE_{520.208107, -117.51806, 432.692006}
STEM_U5_CL-Z891-SIDE_{525.789088, -147.566467, 441.166762}
STEM_U5_CL-Z891-SIDE_{523.613226, -136.210271, 437.947637}
STEM_U5_CL-Z891-SIDE_{529.532131, -166.255276, 446.508973}
STEM_U5_CL-Z891-SIDE_{527.636851, -156.917106, 443.832704}
STEM_U5_CL-Z891-SIDE_{533.462731, -184.893716, 451.892314}
STEM_U5_CL-Z891-SIDE_{531.47481, -175.580751, 449.195503}
STEM_U5_CL-Z891-SIDE_{537.570454, -203.482002, 457.316689}
STEM_U5_CL-Z891-SIDE_{535.494544, -194.19422, 454.599401}
STEM_U5_CL-Z891-SIDE_{542.408172, -224.38287, 463.48162}
STEM_U5_CL-Z891-SIDE_{540.14536, -214.726532, 460.6249}
STEM_U5_CL-Z891-SIDE_{547.067391, -243.654522, 469.225923}
STEM_U5_CL-Z891-SIDE_{544.71568, -234.025535, 466.348753}
STEM_U5_CL-Z891-SIDE_{551.902179, -262.871375, 475.008602}
STEM_U5_CL-Z891-SIDE_{549.462982, -253.269815, 472.112672}
STEM_U5_CL-Z891-SIDE_{557.514313, -284.289145, 481.51483}
STEM_U5_CL-Z891-SIDE_{554.79101, -274.009034, 478.384429}
STEM_U5_CL-Z891-SIDE_{563.111951, -304.800835, 487.801323}
STEM_U5_CL-Z891-SIDE_{560.287887, -294.553091, 484.654124}
STEM_U5_CL-Z891-SIDE_{569.152289, -326.067432, 494.370746}
STEM_U5_CL-Z891-SIDE_{565.986703, -315.032327, 490.9555}
STEM_U5_CL-Z891-SIDE_{575.157866, -346.273535, 500.647931}
STEM_U5_CL-Z891-SIDE_{572.121577, -336.180294, 497.50982}
STEM_U5_CL-Z891-SIDE_{581.475175, -366.375613, 506.952647}
STEM_U5_CL-Z891-SIDE_{578.272374, -356.339858, 503.795797}
STEM_U5_CL-Z891-SIDE_{588.001672, -385.662339, 512.996453}
STEM_U5_CL-Z891-SIDE_{585.109998, -377.285906, 510.36275}
STEM_U5_CL-Z891-SIDE_{593.833861, -402.398817, 518.262105}
STEM_U5_CL-Z891-SIDE_{590.911682, -394.032647, 515.629442}
STEM_U5_CL-Z891-SIDE_{600.567107, -421.593964, 524.307994}
STEM_U5_CL-Z891-SIDE_{596.767903, -410.760884, 520.894609}
STEM_U5_CL-Z891-SIDE_{606.990315, -441.257387, 530.504388}
STEM_U5_CL-Z891-SIDE_{603.868681, -431.398886, 527.398214}
STEM_U5_CL-Z891-SIDE_{612.45518, -462.362897, 537.144717}
STEM_U5_CL-Z891-SIDE_{609.804707, -451.200046, 533.63457}
STEM_U5_CL-Z891-SIDE_{615.163714, -481.963877, 543.290522}
STEM_U5_CL-Z891-SIDE_{614.130151, -472.12237, 540.207831}
STEM_U5_CL-Z891-SIDE_{614.823023, -503.323375, 549.951681}
STEM_U5_CL-Z891-SIDE_{615.453342, -491.852599, 546.379798}
STEM_U5_CL-Z891-SIDE_{612.481401, -520.731843, 555.342638}
STEM_U5_CL-Z891-SIDE_{613.809068, -512.045184, 552.65739}
STEM_U5_CL-Z891-SIDE_{609.945498, -540.844103, 561.523342}
STEM_U5_CL-Z891-SIDE_{611.165922, -529.42321, 558.018466}
STEM_U5_CL-Z891-SIDE_{611.473725, -558.858903, 567.112536}
STEM_U5_CL-Z891-SIDE_{610.008653, -549.90979, 564.324122}
STEM_U5_CL-Z891-SIDE_{618.845933, -578.033452, 573.181597}
STEM_U5_CL-Z891-SIDE_{614.208526, -567.528778, 569.839484}
STEM_U5_CL-Z891-SIDE_{629.911145, -598.672063, 579.889295}
STEM_U5_CL-Z891-SIDE_{624.294636, -588.400372, 576.525832}
STEM_U5_CL-Z891-SIDE_{638.898964, -616.578589, 585.87695}
STEM_U5_CL-Z891-SIDE_{635.239938, -608.817317, 583.262364}
STEM_U5_CL-Z891-SIDE_{646.00123, -635.185498, 592.248913}
STEM_U5_CL-Z891-SIDE_{642.18376, -624.480094, 588.566921}
STEM_U5_CL-Z891-SIDE_{650.721385, -650.034948, 597.402362}
STEM_U5_CL-Z891-SIDE_{648.378539, -642.606672, 594.81998}
STEM_U5_CL-Z891-SIDE_{660.310191, -669.561235, 604.200241}
STEM_U5_CL-Z891-SIDE_{654.593907, -660.7193, 601.121409}
STEM_U6_CL-Z891-SIDE_{514.517973, -29.108594, 367.420525}
STEM_U6_CL-Z891-SIDE_{513.593909, -18.91385, 364.603318}
STEM_U6_CL-Z891-SIDE_{516.628864, -49.43999, 373.170538}
STEM_U6_CL-Z891-SIDE_{515.528503, -39.283475, 370.279542}
STEM_U6_CL-Z891-SIDE_{519.088201, -69.708684, 379.00309}
STEM_U6_CL-Z891-SIDE_{517.816868, -59.581199, 376.080529}
STEM_U6_CL-Z891-SIDE_{521.954936, -90.542015, 385.066748}
STEM_U6_CL-Z891-SIDE_{520.62444, -81.163558, 382.327964}
STEM_U6_CL-Z891-SIDE_{524.801171, -109.261238, 390.579668}
STEM_U6_CL-Z891-SIDE_{523.348042, -99.907974, 387.817149}
STEM_U6_CL-Z891-SIDE_{527.876156, -127.929277, 396.143146}
STEM_U6_CL-Z891-SIDE_{526.311398, -118.601693, 393.354882}
STEM_U6_CL-Z891-SIDE_{531.531478, -148.562611, 402.37235}
STEM_U6_CL-Z891-SIDE_{529.493355, -137.243929, 398.944686}
STEM_U6_CL-Z891-SIDE_{534.801969, -165.927611, 407.683098}
STEM_U6_CL-Z891-SIDE_{533.146121, -157.250873, 405.021569}
STEM_U6_CL-Z891-SIDE_{538.232515, -183.246489, 413.043271}
STEM_U6_CL-Z891-SIDE_{536.497951, -174.592794, 410.356971}
STEM_U6_CL-Z891-SIDE_{541.811906, -200.519612, 418.453546}
STEM_U6_CL-Z891-SIDE_{540.004222, -191.888757, 415.742093}
STEM_U6_CL-Z891-SIDE_{546.46339, -221.957751, 425.25883}
STEM_U6_CL-Z891-SIDE_{544.211985, -211.708809, 421.993018}
STEM_U6_CL-Z891-SIDE_{551.10574, -242.407525, 431.843159}
STEM_U6_CL-Z891-SIDE_{548.761668, -232.190642, 428.542277}
STEM_U6_CL-Z891-SIDE_{555.924911, -262.794066, 438.496201}
STEM_U6_CL-Z891-SIDE_{553.493903, -252.608626, 435.161204}
STEM_U6_CL-Z891-SIDE_{560.770659, -282.544833, 445.024948}
STEM_U6_CL-Z891-SIDE_{558.623803, -273.879785, 442.150875}
STEM_U6_CL-Z891-SIDE_{565.153816, -299.841198, 450.806981}
STEM_U6_CL-Z891-SIDE_{562.947455, -291.198594, 447.910483}
STEM_U6_CL-Z891-SIDE_{569.654306, -317.093076, 456.631634}
STEM_U6_CL-Z891-SIDE_{567.389432, -308.472736, 453.71403}
STEM_U6_CL-Z891-SIDE_{575.047299, -337.143455, 463.470342}
STEM_U6_CL-Z891-SIDE_{572.591515, -328.093912, 460.375185}
STEM_U6_CL-Z891-SIDE_{580.05725, -355.205568, 469.68963}
STEM_U6_CL-Z891-SIDE_{577.535747, -346.180681, 466.575382}
STEM_U6_CL-Z891-SIDE_{585.765424, -375.148693, 476.615593}
STEM_U6_CL-Z891-SIDE_{582.612508, -364.218079, 472.812192}
STEM_U6_CL-Z891-SIDE_{591.239337, -393.780479, 483.136168}
STEM_U6_CL-Z891-SIDE_{588.492214, -384.469052, 479.871643}
STEM_U6_CL-Z891-SIDE_{596.568267, -412.436264, 489.707241}
STEM_U6_CL-Z891-SIDE_{593.94853, -403.098498, 486.413492}
STEM_U6_CL-Z891-SIDE_{601.84976, -433.004566, 496.992949}
STEM_U6_CL-Z891-SIDE_{599.504067, -423.385487, 493.581165}
STEM_U6_CL-Z891-SIDE_{605.728038, -452.393096, 503.890744}
STEM_U6_CL-Z891-SIDE_{603.957808, -442.669888, 500.42855}
STEM_U6_CL-Z891-SIDE_{607.976952, -472.028671, 510.897209}
STEM_U6_CL-Z891-SIDE_{607.272101, -463.583114, 507.881767}
STEM_U6_CL-Z891-SIDE_{607.990199, -488.96355, 516.948746}
STEM_U6_CL-Z891-SIDE_{608.227891, -480.496165, 513.922488}
STEM_U6_CL-Z891-SIDE_{605.58821, -508.803938, 524.039709}
STEM_U6_CL-Z891-SIDE_{606.909632, -500.232483, 520.976726}
STEM_U6_CL-Z891-SIDE_{602.663284, -525.91064, 530.14173}
STEM_U6_CL-Z891-SIDE_{604.130355, -517.357288, 527.092939}
STEM_U6_CL-Z891-SIDE_{604.514034, -546.479149, 537.456204}
STEM_U6_CL-Z891-SIDE_{601.801717, -537.139501, 534.131024}
STEM_U6_CL-Z891-SIDE_{615.847292, -562.614039, 543.241607}
STEM_U6_CL-Z891-SIDE_{609.535744, -554.943669, 540.485054}
STEM_U6_CL-Z891-SIDE_{632.212817, -577.716746, 548.702718}
STEM_U6_CL-Z891-SIDE_{624.149378, -570.724052, 546.168982}
STEM_U6_CL-Z891-SIDE_{648.957222, -591.038366, 553.554403}
STEM_U6_CL-Z891-SIDE_{640.52512, -584.445115, 551.149186}
STEM_U6_CL-Z891-SIDE_{666.48821, -604.960142, 558.657742}
STEM_U6_CL-Z891-SIDE_{657.379274, -597.64052, 555.970452}
STEM_U6_CL-Z891-SIDE_{679.548715, -617.043822, 563.113324}
STEM_U6_CL-Z891-SIDE_{673.220859, -610.811576, 560.812392}
STEM_U6_CL-Z891-SIDE_{689.457628, -634.344569, 569.531662}
STEM_U6_CL-Z891-SIDE_{685.082919, -623.897938, 565.650776}
STEM_U6_CL-Z891-SIDE_{683.064559, -655.273794, 577.350815}
STEM_U6_CL-Z891-SIDE_{688.172629, -645.042971, 573.521696}
STEM_U6_CL-Z891-SIDE_{674.91527, -669.297465, 582.617818}
STEM_U6_CL-Z891-SIDE_{678.859301, -662.221181, 579.957722}
STEM_U6_CL-Z891-SIDE_{669.565442, -692.420202, 591.333249}
STEM_U6_CL-Z891-SIDE_{670.731393, -679.842944, 586.589653}
STEM_U6_CL-Z891-SIDE_{674.726484, -709.479341, 597.764509}
STEM_U6_CL-Z891-SIDE_{672.03558, -703.412913, 595.479802}
STEM_U7_CL-Z891-SIDE_{523.091553, -29.431049, 325.448147}
STEM_U7_CL-Z891-SIDE_{522.307477, -19.076686, 322.440246}
STEM_U7_CL-Z891-SIDE_{524.926377, -50.076248, 331.604358}
STEM_U7_CL-Z891-SIDE_{523.963533, -39.764098, 328.504745}
STEM_U7_CL-Z891-SIDE_{527.12017, -70.644221, 337.90023}
STEM_U7_CL-Z891-SIDE_{525.979526, -60.368976, 334.738969}
STEM_U7_CL-Z891-SIDE_{529.689515, -91.475561, 344.38837}
STEM_U7_CL-Z891-SIDE_{528.486343, -82.053318, 341.440416}
STEM_U7_CL-Z891-SIDE_{532.286477, -110.277752, 350.337828}
STEM_U7_CL-Z891-SIDE_{530.957188, -100.883761, 347.354091}
STEM_U7_CL-Z891-SIDE_{535.116599, -129.022783, 356.360931}
STEM_U7_CL-Z891-SIDE_{533.673693, -119.657477, 353.340026}
STEM_U7_CL-Z891-SIDE_{538.497463, -149.64777, 363.096498}
STEM_U7_CL-Z891-SIDE_{536.615415, -138.373296, 359.400381}
STEM_U7_CL-Z891-SIDE_{542.123253, -170.225088, 369.931848}
STEM_U7_CL-Z891-SIDE_{540.280889, -159.945437, 366.502688}
STEM_U7_CL-Z891-SIDE_{545.97417, -190.730435, 376.859784}
STEM_U7_CL-Z891-SIDE_{544.021931, -180.486721, 373.384182}
STEM_U7_CL-Z891-SIDE_{550.222226, -212.097671, 384.203683}
STEM_U7_CL-Z891-SIDE_{547.97779, -200.956336, 380.358528}
STEM_U7_CL-Z891-SIDE_{554.129754, -230.815407, 390.740974}
STEM_U7_CL-Z891-SIDE_{552.156418, -221.46396, 387.462777}
STEM_U7_CL-Z891-SIDE_{558.188544, -249.474251, 397.354038}
STEM_U7_CL-Z891-SIDE_{556.140861, -240.152122, 394.038151}
STEM_U7_CL-Z891-SIDE_{562.786454, -269.798219, 404.665046}
STEM_U7_CL-Z891-SIDE_{560.271641, -258.781948, 400.688358}
STEM_U7_CL-Z891-SIDE_{567.071664, -288.075731, 411.332965}
STEM_U7_CL-Z891-SIDE_{564.91306, -278.943813, 407.990545}
STEM_U7_CL-Z891-SIDE_{571.48162, -306.299381, 418.066662}
STEM_U7_CL-Z891-SIDE_{569.261502, -297.19416, 414.691855}
STEM_U7_CL-Z891-SIDE_{576.479335, -326.32063, 425.559024}
STEM_U7_CL-Z891-SIDE_{573.731388, -315.39154, 421.457011}
STEM_U7_CL-Z891-SIDE_{581.405178, -345.465029, 432.809984}
STEM_U7_CL-Z891-SIDE_{578.92622, -335.899847, 429.176868}
STEM_U7_CL-Z891-SIDE_{586.458391, -364.554153, 440.118801}
STEM_U7_CL-Z891-SIDE_{583.915951, -355.016399, 436.457559}
STEM_U7_CL-Z891-SIDE_{592.285005, -385.932151, 448.389721}
STEM_U7_CL-Z891-SIDE_{589.398579, -375.413174, 444.309705}
STEM_U7_CL-Z891-SIDE_{598.037225, -406.955536, 456.601286}
STEM_U7_CL-Z891-SIDE_{595.196382, -396.438506, 452.484522}
STEM_U7_CL-Z891-SIDE_{602.850071, -426.369768, 464.243427}
STEM_U7_CL-Z891-SIDE_{600.83712, -417.823462, 460.873081}
STEM_U7_CL-Z891-SIDE_{606.198096, -443.577045, 471.055882}
STEM_U7_CL-Z891-SIDE_{604.660406, -434.951986, 467.637047}
STEM_U7_CL-Z891-SIDE_{608.29156, -463.354632, 478.921541}
STEM_U7_CL-Z891-SIDE_{607.377747, -452.247964, 474.500301}
STEM_U7_CL-Z891-SIDE_{608.005987, -480.290733, 485.678768}
STEM_U7_CL-Z891-SIDE_{608.416784, -471.827409, 482.300003}
STEM_U7_CL-Z891-SIDE_{605.011684, -499.632566, 493.409939}
STEM_U7_CL-Z891-SIDE_{607.044596, -488.714627, 489.044598}
STEM_U7_CL-Z891-SIDE_{599.114652, -522.036048, 502.371553}
STEM_U7_CL-Z891-SIDE_{602.305847, -510.890387, 497.91015}
STEM_U7_CL-Z891-SIDE_{602.435717, -541.779342, 510.012031}
STEM_U7_CL-Z891-SIDE_{598.582982, -533.072141, 506.709828}
STEM_U7_CL-Z891-SIDE_{616.238067, -555.609207, 515.037108}
STEM_U7_CL-Z891-SIDE_{608.739987, -549.202007, 512.74222}
STEM_U7_CL-Z891-SIDE_{634.44927, -567.454911, 519.132953}
STEM_U7_CL-Z891-SIDE_{624.354612, -561.330595, 517.039563}
STEM_U7_CL-Z891-SIDE_{652.801356, -577.058573, 522.316486}
STEM_U7_CL-Z891-SIDE_{643.534486, -572.408226, 520.790248}
STEM_U7_CL-Z891-SIDE_{671.717454, -585.654891, 525.064075}
STEM_U7_CL-Z891-SIDE_{662.203601, -581.464568, 523.736806}
STEM_U7_CL-Z891-SIDE_{691.014295, -593.470478, 527.481904}
STEM_U7_CL-Z891-SIDE_{681.325464, -589.651199, 526.309232}
STEM_U7_CL-Z891-SIDE_{710.61142, -600.59025, 529.617726}
STEM_U7_CL-Z891-SIDE_{700.777024, -597.118318, 528.585443}
STEM_U7_CL-Z891-SIDE_{710.61142, -600.59025, 529.617726}
STEM_U7_CL-Z891-SIDE_{710.61142, -600.59025, 529.617726}
STEM_U8_CL-Z891-SIDE_{533.119047, -28.311676, 281.861219}
STEM_U8_CL-Z891-SIDE_{532.580221, -19.360649, 279.187725}
STEM_U8_CL-Z891-SIDE_{534.367597, -46.128301, 287.450758}
STEM_U8_CL-Z891-SIDE_{533.712479, -37.229557, 284.632355}
STEM_U8_CL-Z891-SIDE_{535.888711, -63.890778, 293.144298}
STEM_U8_CL-Z891-SIDE_{535.093974, -55.015484, 290.288108}
STEM_U8_CL-Z891-SIDE_{537.93397, -84.106567, 299.761683}
STEM_U8_CL-Z891-SIDE_{536.745186, -72.752117, 296.025863}
STEM_U8_CL-Z891-SIDE_{540.099522, -102.792263, 306.013748}
STEM_U8_CL-Z891-SIDE_{538.985357, -93.457597, 302.874132}
STEM_U8_CL-Z891-SIDE_{542.506297, -121.411714, 312.374364}
STEM_U8_CL-Z891-SIDE_{541.274066, -112.110349, 309.180494}
STEM_U8_CL-Z891-SIDE_{545.1346, -139.963848, 318.84313}
STEM_U8_CL-Z891-SIDE_{543.793838, -130.696244, 315.595286}
STEM_U8_CL-Z891-SIDE_{548.43758, -161.37791, 326.473469}
STEM_U8_CL-Z891-SIDE_{546.825296, -151.150338, 322.807273}
STEM_U8_CL-Z891-SIDE_{551.835417, -181.770145, 333.901911}
STEM_U8_CL-Z891-SIDE_{550.108422, -171.58448, 330.171836}
STEM_U8_CL-Z891-SIDE_{555.447996, -202.07932, 341.455562}
STEM_U8_CL-Z891-SIDE_{553.615782, -191.935104, 337.66325}
STEM_U8_CL-Z891-SIDE_{559.275209, -222.375431, 349.158383}
STEM_U8_CL-Z891-SIDE_{557.509705, -213.148137, 345.637639}
STEM_U8_CL-Z891-SIDE_{562.92141, -240.779579, 356.272646}
STEM_U8_CL-Z891-SIDE_{561.07955, -231.585831, 352.703589}
STEM_U8_CL-Z891-SIDE_{566.713138, -259.117902, 363.480225}
STEM_U8_CL-Z891-SIDE_{564.799706, -249.956847, 359.865051}
STEM_U8_CL-Z891-SIDE_{570.853144, -278.357157, 371.165657}
STEM_U8_CL-Z891-SIDE_{569.051375, -270.074648, 367.842072}
STEM_U8_CL-Z891-SIDE_{574.535828, -294.883796, 377.864692}
STEM_U8_CL-Z891-SIDE_{572.681477, -286.626803, 374.506717}
STEM_U8_CL-Z891-SIDE_{578.319526, -311.361245, 384.628307}
STEM_U8_CL-Z891-SIDE_{576.415385, -303.128517, 381.238766}
STEM_U8_CL-Z891-SIDE_{583.27147, -332.247944, 393.317119}
STEM_U8_CL-Z891-SIDE_{580.869701, -322.205682, 389.124469}
STEM_U8_CL-Z891-SIDE_{588.178262, -352.281813, 401.763485}
STEM_U8_CL-Z891-SIDE_{585.707831, -342.273155, 397.530568}
STEM_U8_CL-Z891-SIDE_{593.412021, -373.004, 410.604753}
STEM_U8_CL-Z891-SIDE_{590.682098, -362.274632, 406.01416}
STEM_U8_CL-Z891-SIDE_{597.799861, -389.906778, 417.886349}
STEM_U8_CL-Z891-SIDE_{595.59227, -381.460968, 414.240842}
STEM_U8_CL-Z891-SIDE_{602.233556, -406.778787, 425.2114}
STEM_U8_CL-Z891-SIDE_{600.028352, -398.343195, 421.540891}
STEM_U8_CL-Z891-SIDE_{607.035618, -426.522779, 433.842778}
STEM_U8_CL-Z891-SIDE_{604.932404, -417.448859, 429.869382}
STEM_U8_CL-Z891-SIDE_{610.461109, -444.792098, 441.876935}
STEM_U8_CL-Z891-SIDE_{608.914385, -435.633317, 437.844328}
STEM_U8_CL-Z891-SIDE_{612.161777, -463.758049, 450.25338}
STEM_U8_CL-Z891-SIDE_{611.751692, -455.670306, 446.678059}
STEM_U8_CL-Z891-SIDE_{611.410716, -479.923575, 457.412169}
STEM_U8_CL-Z891-SIDE_{612.060423, -471.852242, 453.836105}
STEM_U8_CL-Z891-SIDE_{607.57605, -498.614559, 465.699726}
STEM_U8_CL-Z891-SIDE_{610.161631, -487.934873, 460.963503}
STEM_U8_CL-Z891-SIDE_{602.636761, -513.754134, 472.412156}
STEM_U8_CL-Z891-SIDE_{605.225474, -506.216405, 469.070637}
STEM_U8_CL-Z891-SIDE_{598.004736, -532.02571, 480.45542}
STEM_U8_CL-Z891-SIDE_{600.080864, -521.302423, 475.754969}
STEM_U8_CL-Z891-SIDE_{607.738731, -548.428006, 487.266201}
STEM_U8_CL-Z891-SIDE_{601.304094, -540.966522, 484.22507}
STEM_U8_CL-Z891-SIDE_{625.357204, -561.159099, 492.249183}
STEM_U8_CL-Z891-SIDE_{615.505864, -554.760398, 489.777531}
STEM_U8_CL-Z891-SIDE_{643.185233, -570.766265, 495.846552}
STEM_U8_CL-Z891-SIDE_{634.158504, -566.139897, 494.131475}
STEM_U8_CL-Z891-SIDE_{661.656558, -579.285695, 498.926441}
STEM_U8_CL-Z891-SIDE_{652.362015, -575.134719, 497.438515}
STEM_U8_CL-Z891-SIDE_{680.511421, -587.05627, 501.649436}
STEM_U8_CL-Z891-SIDE_{671.045404, -583.251279, 500.325798}
STEM_U8_CL-Z891-SIDE_{699.630691, -594.249704, 504.104077}
STEM_U8_CL-Z891-SIDE_{690.041205, -590.72155, 502.908365}
STEM_U8_CL-Z891-SIDE_{709.279331, -597.635376, 505.233967}
STEM_U8_CL-Z891-SIDE_{709.279331, -597.635376, 505.233967}
STEM_U8_CL-Z891-SIDE_{709.279331, -597.635376, 505.233967}
STEM_U8_CL-Z891-SIDE_{709.279331, -597.635376, 505.233967}
STEM_U9_CL-Z891-SIDE_{544.985634, -30.200879, 238.33142}
STEM_U9_CL-Z891-SIDE_{544.550023, -20.93388, 235.505561}
STEM_U9_CL-Z891-SIDE_{545.999606, -48.611344, 244.352147}
STEM_U9_CL-Z891-SIDE_{545.463418, -39.41684, 241.313848}
STEM_U9_CL-Z891-SIDE_{547.294056, -66.971177, 250.473046}
STEM_U9_CL-Z891-SIDE_{546.610207, -57.797261, 247.402344}
STEM_U9_CL-Z891-SIDE_{549.0606, -87.432517, 257.489378}
STEM_U9_CL-Z891-SIDE_{548.045471, -76.126465, 253.583287}
STEM_U9_CL-Z891-SIDE_{550.964096, -106.329525, 264.119362}
STEM_U9_CL-Z891-SIDE_{549.980878, -96.8899, 260.788096}
STEM_U9_CL-Z891-SIDE_{553.109695, -125.154568, 270.878931}
STEM_U9_CL-Z891-SIDE_{552.007658, -115.751157, 267.483053}
STEM_U9_CL-Z891-SIDE_{555.480123, -143.906264, 277.766111}
STEM_U9_CL-Z891-SIDE_{554.267805, -134.539654, 274.306699}
STEM_U9_CL-Z891-SIDE_{558.433797, -165.138587, 285.750651}
STEM_U9_CL-Z891-SIDE_{556.995313, -155.039204, 281.928378}
STEM_U9_CL-Z891-SIDE_{561.47995, -185.271738, 293.501681}
STEM_U9_CL-Z891-SIDE_{559.928667, -175.216245, 289.608465}
STEM_U9_CL-Z891-SIDE_{564.742341, -205.316761, 301.391924}
STEM_U9_CL-Z891-SIDE_{563.085379, -195.305171, 297.42971}
STEM_U9_CL-Z891-SIDE_{568.255792, -225.555422, 309.531571}
STEM_U9_CL-Z891-SIDE_{566.62578, -216.315748, 305.794505}
STEM_U9_CL-Z891-SIDE_{571.635253, -243.979553, 317.088334}
STEM_U9_CL-Z891-SIDE_{569.92567, -234.776757, 313.296232}
STEM_U9_CL-Z891-SIDE_{575.167142, -262.330932, 324.751698}
STEM_U9_CL-Z891-SIDE_{573.382962, -253.164148, 320.907094}
STEM_U9_CL-Z891-SIDE_{579.042989, -281.591929, 332.936831}
STEM_U9_CL-Z891-SIDE_{577.332497, -273.193914, 329.350511}
STEM_U9_CL-Z891-SIDE_{582.548535, -298.344332, 340.17032}
STEM_U9_CL-Z891-SIDE_{580.781973, -289.975281, 336.543697}
STEM_U9_CL-Z891-SIDE_{586.161212, -315.040772, 347.480096}
STEM_U9_CL-Z891-SIDE_{584.341753, -306.699462, 343.81591}
STEM_U9_CL-Z891-SIDE_{590.655142, -335.104529, 356.392341}
STEM_U9_CL-Z891-SIDE_{588.551855, -325.801874, 352.24381}
STEM_U9_CL-Z891-SIDE_{594.951907, -353.661263, 364.751646}
STEM_U9_CL-Z891-SIDE_{592.788678, -344.390884, 360.561892}
STEM_U9_CL-Z891-SIDE_{599.710782, -373.586881, 373.843955}
STEM_U9_CL-Z891-SIDE_{597.143889, -362.916343, 368.960238}
STEM_U9_CL-Z891-SIDE_{604.121407, -391.524316, 382.12265}
STEM_U9_CL-Z891-SIDE_{601.902469, -382.562458, 377.975698}
STEM_U9_CL-Z891-SIDE_{608.623628, -409.412175, 390.459145}
STEM_U9_CL-Z891-SIDE_{606.363277, -400.47376, 386.284054}
STEM_U9_CL-Z891-SIDE_{613.688246, -430.004221, 400.144874}
STEM_U9_CL-Z891-SIDE_{611.314007, -419.990889, 395.42434}
STEM_U9_CL-Z891-SIDE_{617.623697, -450.148662, 409.697984}
STEM_U9_CL-Z891-SIDE_{615.852285, -440.048741, 404.899603}
STEM_U9_CL-Z891-SIDE_{619.385278, -468.847648, 418.622396}
STEM_U9_CL-Z891-SIDE_{618.942757, -460.900242, 414.823583}
STEM_U9_CL-Z891-SIDE_{618.54655, -484.724182, 426.232936}
STEM_U9_CL-Z891-SIDE_{619.284629, -476.801078, 422.431728}
STEM_U9_CL-Z891-SIDE_{614.071351, -503.328827, 435.17902}
STEM_U9_CL-Z891-SIDE_{616.448843, -495.372832, 431.350638}
STEM_U9_CL-Z891-SIDE_{607.868808, -518.827318, 442.645209}
STEM_U9_CL-Z891-SIDE_{611.127958, -511.12924, 438.935796}
STEM_U9_CL-Z891-SIDE_{601.186961, -536.913212, 451.355923}
STEM_U9_CL-Z891-SIDE_{604.667452, -526.5446, 446.364625}
STEM_U9_CL-Z891-SIDE_{606.343831, -552.450766, 458.657871}
STEM_U9_CL-Z891-SIDE_{601.998816, -545.125772, 455.248434}
STEM_U9_CL-Z891-SIDE_{621.675073, -565.705573, 464.688346}
STEM_U9_CL-Z891-SIDE_{612.412991, -558.739097, 461.54244}
STEM_U9_CL-Z891-SIDE_{638.675564, -575.916507, 469.218289}
STEM_U9_CL-Z891-SIDE_{630.026064, -571.013273, 467.055275}
STEM_U9_CL-Z891-SIDE_{656.503357, -584.912903, 473.133403}
STEM_U9_CL-Z891-SIDE_{647.521338, -580.525093, 471.23202}
STEM_U9_CL-Z891-SIDE_{665.613215, -589.078781, 474.922084}
STEM_U9_CL-Z891-SIDE_{665.613215, -589.078781, 474.922084}
STEM_U9_CL-Z891-SIDE_{665.613215, -589.078781, 474.922084}
STEM_U9_CL-Z891-SIDE_{665.613215, -589.078781, 474.922084}
