{2651.768211, 858.679358, 702.479578}
{2656.768211, 858.679358, 700.329578}
{2661.768211, 858.679358, 698.179578}
{2666.768211, 858.679358, 696.029578}
{2671.768211, 858.679358, 693.879578}
{2676.768211, 858.679358, 696.029578}
{2681.768211, 858.679358, 698.179578}
{2686.768211, 858.679358, 700.329578}
{2691.768211, 858.679358, 702.479578}
{2686.768211, 858.679358, 704.629578}
{2681.768211, 858.679358, 706.779578}
{2676.768211, 858.679358, 708.929578}
{2671.768211, 858.679358, 711.079578}
{2666.768211, 858.679358, 708.929578}
{2661.768211, 858.679358, 706.779578}
{2656.768211, 858.679358, 704.629578}
{2789.312588, 858.679358, 688.207206}
{2784.312588, 858.679358, 686.057206}
{2779.312588, 858.679358, 683.907206}
{2774.312588, 858.679358, 681.757206}
{2769.312588, 858.679358, 679.607206}
{2764.312588, 858.679358, 677.457206}
{2759.312588, 858.679358, 675.307206}
{2764.312587, 858.679358, 673.157206}
{2769.312587, 858.679358, 671.007206}
{2774.312587, 858.679358, 668.857206}
{2779.312587, 858.679358, 666.707206}
{2784.312587, 858.679358, 664.557206}
{2789.312588, 858.679358, 662.407206}
{2794.312587, 858.679358, 664.557206}
{2799.312587, 858.679358, 666.707206}
{2804.312587, 858.679358, 668.857206}
{2809.312587, 858.679358, 671.007206}
{2814.312587, 858.679358, 673.157206}
{2819.312587, 858.679358, 675.307206}
{2814.312588, 858.679358, 677.457206}
{2809.312588, 858.679358, 679.607206}
{2804.312588, 858.679358, 681.757206}
{2799.312588, 858.679358, 683.907206}
{2794.312588, 858.679358, 686.057206}
{2937.176031, 858.679358, 647.653815}
{2933.17603, 858.679358, 645.933815}
{2929.176031, 858.679358, 644.213815}
{2925.17603, 858.679358, 642.493815}
{2921.176031, 858.679358, 640.773815}
{2917.176031, 858.679358, 639.053815}
{2913.176031, 858.679358, 637.333815}
{2909.176031, 858.679358, 635.613815}
{2905.176031, 858.679358, 633.893815}
{2901.176031, 858.679358, 632.173815}
{2897.176031, 858.679358, 630.453815}
{2901.176031, 858.679358, 628.733815}
{2905.176031, 858.679358, 627.013815}
{2909.176031, 858.679358, 625.293815}
{2913.176031, 858.679358, 623.573815}
{2917.176031, 858.679358, 621.853815}
{2921.176031, 858.679358, 620.133815}
{2925.176031, 858.679358, 618.413815}
{2929.176031, 858.679358, 616.693815}
{2933.176031, 858.679358, 614.973815}
{2937.176031, 858.679358, 613.253815}
{2941.176031, 858.679358, 614.973815}
{2945.176031, 858.679358, 616.693815}
{2949.176031, 858.679358, 618.413815}
{2953.176031, 858.679358, 620.133815}
{2957.176031, 858.679358, 621.853815}
{2961.176031, 858.679358, 623.573815}
{2965.176031, 858.679358, 625.293815}
{2969.176031, 858.679358, 627.013815}
{2973.176031, 858.679358, 628.733815}
{2977.176031, 858.679358, 630.453815}
{2973.176031, 858.679358, 632.173815}
{2969.176031, 858.679358, 633.893815}
{2965.176031, 858.679358, 635.613815}
{2961.176031, 858.679358, 637.333815}
{2957.176031, 858.679358, 639.053815}
{2953.176031, 858.679358, 640.773815}
{2949.176031, 858.679358, 642.493815}
{2945.176031, 858.679358, 644.213815}
{2941.176031, 858.679358, 645.933815}
{2815.735484, 858.679358, 671.194575}
{2811.291039, 858.679358, 669.283464}
{2806.846595, 858.679358, 667.372353}
{2802.40215, 858.679358, 665.461242}
{2797.957706, 858.679358, 663.550131}
{2793.513261, 858.679358, 661.639019}
{2789.068817, 858.679358, 659.727908}
{2784.624372, 858.679358, 657.816797}
{2780.179928, 858.679358, 655.905686}
{2775.735484, 858.679358, 653.994575}
{2771.291039, 858.679358, 652.083464}
{2766.846595, 858.679358, 650.172353}
{2769.068817, 858.679358, 648.261242}
{2773.513261, 858.679358, 646.350131}
{2777.957706, 858.679358, 644.439019}
{2782.40215, 858.679358, 642.527908}
{2786.846595, 858.679358, 640.616797}
{2791.291039, 858.679358, 638.705686}
{2795.735484, 858.679358, 636.794575}
{2800.179928, 858.679358, 634.883464}
{2804.624372, 858.679358, 632.972353}
{2809.068817, 858.679358, 631.061242}
{2813.513261, 858.679358, 629.150131}
{2817.957706, 858.679358, 629.150131}
{2822.40215, 858.679358, 631.061242}
{2826.846595, 858.679358, 632.972353}
{2831.291039, 858.679358, 634.883464}
{2835.735484, 858.679358, 636.794575}
{2840.179928, 858.679358, 638.705686}
{2844.624372, 858.679358, 640.616797}
{2849.068817, 858.679358, 642.527908}
{2853.513261, 858.679358, 644.439019}
{2857.957706, 858.679358, 646.350131}
{2862.40215, 858.679358, 648.261242}
{2864.624372, 858.679358, 650.172353}
{2860.179928, 858.679358, 652.083464}
{2855.735484, 858.679358, 653.994575}
{2851.291039, 858.679358, 655.905686}
{2846.846595, 858.679358, 657.816797}
{2842.40215, 858.679358, 659.727908}
{2837.957706, 858.679358, 661.639019}
{2833.513261, 858.679358, 663.550131}
{2829.068817, 858.679358, 665.461242}
{2824.624372, 858.679358, 667.372353}
{2820.179928, 858.679358, 669.283464}
{2616.233357, 858.679358, 711.057335}
{2621.233357, 858.679358, 708.907335}
{2626.233357, 858.679358, 706.757335}
{2631.233357, 858.679358, 704.607335}
{2636.233357, 858.679358, 702.457335}
{2641.233357, 858.679358, 704.607335}
{2646.233357, 858.679358, 706.757335}
{2651.233357, 858.679358, 708.907335}
{2656.233357, 858.679358, 711.057335}
{2651.233357, 858.679358, 713.207335}
{2646.233357, 858.679358, 715.357335}
{2641.233357, 858.679358, 717.507335}
{2636.233357, 858.679358, 719.657335}
{2631.233357, 858.679358, 717.507335}
{2626.233357, 858.679358, 715.357335}
{2621.233357, 858.679358, 713.207335}
{2735.456256, 858.679358, 784.74097}
{2740.456256, 858.679358, 782.59097}
{2745.456256, 858.679358, 780.44097}
{2750.456256, 858.679358, 778.29097}
{2755.456256, 858.679358, 776.14097}
{2760.456256, 858.679358, 778.29097}
{2765.456256, 858.679358, 780.44097}
{2770.456256, 858.679358, 782.59097}
{2775.456256, 858.679358, 784.74097}
{2770.456256, 858.679358, 786.89097}
{2765.456256, 858.679358, 789.04097}
{2760.456256, 858.679358, 791.19097}
{2755.456256, 858.679358, 793.34097}
{2750.456256, 858.679358, 791.19097}
{2745.456256, 858.679358, 789.04097}
{2740.456256, 858.679358, 786.89097}
{2820.925944, 858.679358, 814.280294}
{2825.925944, 858.679358, 812.130294}
{2830.925944, 858.679358, 809.980294}
{2835.925944, 858.679358, 807.830294}
{2840.925944, 858.679358, 805.680294}
{2845.925944, 858.679358, 807.830294}
{2850.925944, 858.679358, 809.980294}
{2855.925944, 858.679358, 812.130294}
{2860.925944, 858.679358, 814.280294}
{2855.925944, 858.679358, 816.430294}
{2850.925944, 858.679358, 818.580294}
{2845.925944, 858.679358, 820.730294}
{2840.925944, 858.679358, 822.880294}
{2835.925944, 858.679358, 820.730294}
{2830.925944, 858.679358, 818.580294}
{2825.925944, 858.679358, 816.430294}
{2856.263892, 858.679358, 809.815466}
{2861.263892, 858.679358, 807.665466}
{2866.263892, 858.679358, 805.515466}
{2871.263892, 858.679358, 803.365466}
{2876.263891, 858.679358, 801.215466}
{2881.263892, 858.679358, 803.365466}
{2886.263892, 858.679358, 805.515466}
{2891.263891, 858.679358, 807.665466}
{2896.263891, 858.679358, 809.815466}
{2891.263891, 858.679358, 811.965466}
{2886.263891, 858.679358, 814.115466}
{2881.263891, 858.679358, 816.265466}
{2876.263891, 858.679358, 818.415466}
{2871.263892, 858.679358, 816.265466}
{2866.263892, 858.679358, 814.115466}
{2861.263892, 858.679358, 811.965466}
{2974.101485, 858.679358, 741.291122}
{2979.101485, 858.679358, 739.141122}
{2984.101485, 858.679358, 736.991122}
{2989.101485, 858.679358, 734.841121}
{2994.101485, 858.679358, 732.691122}
{2999.101485, 858.679358, 734.841122}
{3004.101485, 858.679358, 736.991122}
{3009.101485, 858.679358, 739.141121}
{3014.101485, 858.679358, 741.291121}
{3009.101485, 858.679358, 743.441121}
{3004.101485, 858.679358, 745.591122}
{2999.101485, 858.679358, 747.741122}
{2994.101485, 858.679358, 749.891122}
{2989.101485, 858.679358, 747.741122}
{2984.101485, 858.679358, 745.591122}
{2979.101485, 858.679358, 743.441122}
{2983.351326, 858.679358, 715.9778}
{2988.351326, 858.679358, 713.8278}
{2993.351326, 858.679358, 711.6778}
{2998.351326, 858.679358, 709.5278}
{3003.351326, 858.679358, 707.3778}
{3008.351326, 858.679358, 709.5278}
{3013.351326, 858.679358, 711.6778}
{3018.351326, 858.679358, 713.8278}
{3023.351326, 858.679358, 715.9778}
{3018.351326, 858.679358, 718.1278}
{3013.351326, 858.679358, 720.2778}
{3008.351326, 858.679358, 722.4278}
{3003.351326, 858.679358, 724.5778}
{2998.351326, 858.679358, 722.4278}
{2993.351326, 858.679358, 720.2778}
{2988.351326, 858.679358, 718.1278}
{3054.07388, 858.679358, 709.295139}
{3059.07388, 858.679358, 707.145139}
{3064.07388, 858.679358, 704.995139}
{3069.07388, 858.679358, 702.845139}
{3074.07388, 858.679358, 700.695139}
{3079.07388, 858.679358, 702.845139}
{3084.07388, 858.679358, 704.995139}
{3089.07388, 858.679358, 707.145139}
{3094.07388, 858.679358, 709.295139}
{3089.07388, 858.679358, 711.445139}
{3084.07388, 858.679358, 713.595139}
{3079.07388, 858.679358, 715.745139}
{3074.07388, 858.679358, 717.895139}
{3069.07388, 858.679358, 715.745139}
{3064.07388, 858.679358, 713.595139}
{3059.07388, 858.679358, 711.445139}
{3098.211207, 858.679358, 705.513586}
{3103.211207, 858.679358, 703.363586}
{3108.211207, 858.679358, 701.213586}
{3113.211207, 858.679358, 699.063586}
{3118.211207, 858.679358, 696.913586}
{3123.211207, 858.679358, 699.063586}
{3128.211207, 858.679358, 701.213586}
{3133.211207, 858.679358, 703.363586}
{3138.211207, 858.679358, 705.513586}
{3133.211207, 858.679358, 707.663586}
{3128.211207, 858.679358, 709.813586}
{3123.211207, 858.679358, 711.963586}
{3118.211207, 858.679358, 714.113586}
{3113.211207, 858.679358, 711.963586}
{3108.211207, 858.679358, 709.813586}
{3103.211207, 858.679358, 707.663586}
{2661.762505, 858.679358, 637.127377}
{2666.762505, 858.679358, 634.977377}
{2671.762505, 858.679358, 632.827377}
{2676.762505, 858.679358, 630.677377}
{2681.762505, 858.679358, 628.527377}
{2686.762505, 858.679358, 630.677377}
{2691.762505, 858.679358, 632.827377}
{2696.762505, 858.679358, 634.977377}
{2701.762505, 858.679358, 637.127377}
{2696.762505, 858.679358, 639.277377}
{2691.762505, 858.679358, 641.427377}
{2686.762505, 858.679358, 643.577377}
{2681.762505, 858.679358, 645.727377}
{2676.762505, 858.679358, 643.577377}
{2671.762505, 858.679358, 641.427377}
{2666.762505, 858.679358, 639.277377}
{3312.929862, 858.679358, 605.453373}
{3317.929862, 858.679358, 603.303373}
{3322.929862, 858.679358, 601.153373}
{3327.929862, 858.679358, 599.003373}
{3332.929861, 858.679358, 596.853373}
{3337.929862, 858.679358, 599.003373}
{3342.929862, 858.679358, 601.153373}
{3347.929861, 858.679358, 603.303373}
{3352.929861, 858.679358, 605.453373}
{3347.929861, 858.679358, 607.603373}
{3342.929861, 858.679358, 609.753373}
{3337.929861, 858.679358, 611.903373}
{3332.929861, 858.679358, 614.053373}
{3327.929862, 858.679358, 611.903373}
{3322.929862, 858.679358, 609.753373}
{3317.929862, 858.679358, 607.603373}
{3325.82184, 858.679358, 592.087325}
{3330.82184, 858.679358, 589.937325}
{3335.82184, 858.679358, 587.787325}
{3340.82184, 858.679358, 585.637325}
{3345.82184, 858.679358, 583.487325}
{3350.82184, 858.679358, 585.637325}
{3355.82184, 858.679358, 587.787325}
{3360.82184, 858.679358, 589.937325}
{3365.82184, 858.679358, 592.087325}
{3360.82184, 858.679358, 594.237325}
{3355.82184, 858.679358, 596.387325}
{3350.82184, 858.679358, 598.537325}
{3345.82184, 858.679358, 600.687325}
{3340.82184, 858.679358, 598.537325}
{3335.82184, 858.679358, 596.387325}
{3330.82184, 858.679358, 594.237325}
{3189.714684, 858.679358, 616.12928}
{3194.714684, 858.679358, 613.97928}
{3199.714684, 858.679358, 611.82928}
{3204.714684, 858.679358, 609.67928}
{3209.714684, 858.679358, 607.52928}
{3214.714684, 858.679358, 609.67928}
{3219.714684, 858.679358, 611.82928}
{3224.714684, 858.679358, 613.97928}
{3229.714684, 858.679358, 616.12928}
{3224.714684, 858.679358, 618.27928}
{3219.714684, 858.679358, 620.42928}
{3214.714684, 858.679358, 622.57928}
{3209.714684, 858.679358, 624.72928}
{3204.714684, 858.679358, 622.57928}
{3199.714684, 858.679358, 620.42928}
{3194.714684, 858.679358, 618.27928}
{2988.090926, 858.679358, 673.955518}
{2984.090925, 858.679358, 672.235518}
{2980.090926, 858.679358, 670.515518}
{2976.090925, 858.679358, 668.795518}
{2972.090926, 858.679358, 667.075518}
{2968.090926, 858.679358, 665.355518}
{2964.090926, 858.679358, 663.635518}
{2960.090926, 858.679358, 661.915518}
{2956.090926, 858.679358, 660.195518}
{2952.090926, 858.679358, 658.475518}
{2948.090926, 858.679358, 656.755518}
{2952.090926, 858.679358, 655.035518}
{2956.090926, 858.679358, 653.315518}
{2960.090926, 858.679358, 651.595518}
{2964.090926, 858.679358, 649.875518}
{2968.090926, 858.679358, 648.155518}
{2972.090926, 858.679358, 646.435518}
{2976.090926, 858.679358, 644.715518}
{2980.090926, 858.679358, 642.995518}
{2984.090926, 858.679358, 641.275518}
{2988.090926, 858.679358, 639.555518}
{2992.090926, 858.679358, 641.275518}
{2996.090926, 858.679358, 642.995518}
{3000.090926, 858.679358, 644.715518}
{3004.090926, 858.679358, 646.435518}
{3008.090926, 858.679358, 648.155518}
{3012.090926, 858.679358, 649.875518}
{3016.090926, 858.679358, 651.595518}
{3020.090926, 858.679358, 653.315518}
{3024.090926, 858.679358, 655.035518}
{3028.090926, 858.679358, 656.755518}
{3024.090926, 858.679358, 658.475518}
{3020.090926, 858.679358, 660.195518}
{3016.090926, 858.679358, 661.915518}
{3012.090926, 858.679358, 663.635518}
{3008.090926, 858.679358, 665.355518}
{3004.090926, 858.679358, 667.075518}
{3000.090926, 858.679358, 668.795518}
{2996.090926, 858.679358, 670.515518}
{2992.090926, 858.679358, 672.235518}
{3231.471389, 858.679358, 614.122423}
{3227.471389, 858.679358, 612.402423}
{3223.471389, 858.679358, 610.682423}
{3219.471389, 858.679358, 608.962423}
{3215.471389, 858.679358, 607.242423}
{3211.471389, 858.679358, 605.522423}
{3207.471389, 858.679358, 603.802423}
{3203.471389, 858.679358, 602.082423}
{3199.471389, 858.679358, 600.362423}
{3195.471389, 858.679358, 598.642423}
{3191.471389, 858.679358, 596.922423}
{3195.471389, 858.679358, 595.202423}
{3199.471389, 858.679358, 593.482423}
{3203.471389, 858.679358, 591.762423}
{3207.471389, 858.679358, 590.042423}
{3211.471389, 858.679358, 588.322423}
{3215.471389, 858.679358, 586.602423}
{3219.471389, 858.679358, 584.882423}
{3223.471389, 858.679358, 583.162423}
{3227.471389, 858.679358, 581.442423}
{3231.471389, 858.679358, 579.722423}
{3235.471389, 858.679358, 581.442423}
{3239.471389, 858.679358, 583.162423}
{3243.471389, 858.679358, 584.882423}
{3247.471389, 858.679358, 586.602423}
{3251.471389, 858.679358, 588.322423}
{3255.471389, 858.679358, 590.042423}
{3259.471389, 858.679358, 591.762423}
{3263.471389, 858.679358, 593.482423}
{3267.471389, 858.679358, 595.202423}
{3271.471389, 858.679358, 596.922423}
{3267.471389, 858.679358, 598.642423}
{3263.471389, 858.679358, 600.362423}
{3259.471389, 858.679358, 602.082423}
{3255.471389, 858.679358, 603.802423}
{3251.471389, 858.679358, 605.522423}
{3247.471389, 858.679358, 607.242423}
{3243.471389, 858.679358, 608.962423}
{3239.471389, 858.679358, 610.682423}
{3235.471389, 858.679358, 612.402423}
{2523.021999, 858.679358, 670.83078}
{2519.021999, 858.679358, 669.11078}
{2515.021999, 858.679358, 667.39078}
{2511.021999, 858.679358, 665.67078}
{2507.021999, 858.679358, 663.95078}
{2503.021999, 858.679358, 662.23078}
{2499.021999, 858.679358, 660.51078}
{2495.021999, 858.679358, 658.79078}
{2491.021999, 858.679358, 657.07078}
{2487.021999, 858.679358, 655.35078}
{2483.021999, 858.679358, 653.63078}
{2487.021999, 858.679358, 651.91078}
{2491.021999, 858.679358, 650.19078}
{2495.021999, 858.679358, 648.47078}
{2499.021999, 858.679358, 646.75078}
{2503.021999, 858.679358, 645.03078}
{2507.021999, 858.679358, 643.31078}
{2511.021999, 858.679358, 641.59078}
{2515.021999, 858.679358, 639.87078}
{2519.021999, 858.679358, 638.15078}
{2523.021999, 858.679358, 636.43078}
{2527.021999, 858.679358, 638.15078}
{2531.021999, 858.679358, 639.87078}
{2535.021999, 858.679358, 641.59078}
{2539.021999, 858.679358, 643.31078}
{2543.021999, 858.679358, 645.03078}
{2547.021999, 858.679358, 646.75078}
{2551.021999, 858.679358, 648.47078}
{2555.021999, 858.679358, 650.19078}
{2559.021999, 858.679358, 651.91078}
{2563.021999, 858.679358, 653.63078}
{2559.021999, 858.679358, 655.35078}
{2555.021999, 858.679358, 657.07078}
{2551.021999, 858.679358, 658.79078}
{2547.021999, 858.679358, 660.51078}
{2543.021999, 858.679358, 662.23078}
{2539.021999, 858.679358, 663.95078}
{2535.021999, 858.679358, 665.67078}
{2531.021999, 858.679358, 667.39078}
{2527.021999, 858.679358, 669.11078}
{2917.460442, 858.679358, 726.764483}
{2912.460442, 858.679358, 724.614483}
{2907.460442, 858.679358, 722.464483}
{2902.460442, 858.679358, 720.314483}
{2897.460442, 858.679358, 718.164483}
{2892.460442, 858.679358, 716.014483}
{2887.460442, 858.679358, 713.864483}
{2892.460442, 858.679358, 711.714483}
{2897.460442, 858.679358, 709.564483}
{2902.460442, 858.679358, 707.414483}
{2907.460442, 858.679358, 705.264483}
{2912.460442, 858.679358, 703.114483}
{2917.460442, 858.679358, 700.964483}
{2922.460442, 858.679358, 703.114483}
{2927.460442, 858.679358, 705.264483}
{2932.460442, 858.679358, 707.414483}
{2937.460442, 858.679358, 709.564483}
{2942.460442, 858.679358, 711.714483}
{2947.460442, 858.679358, 713.864483}
{2942.460442, 858.679358, 716.014483}
{2937.460442, 858.679358, 718.164483}
{2932.460442, 858.679358, 720.314483}
{2927.460442, 858.679358, 722.464483}
{2922.460442, 858.679358, 724.614483}
{2915.725276, 858.679358, 674.677647}
{2910.725276, 858.679358, 672.527647}
{2905.725276, 858.679358, 670.377647}
{2900.725276, 858.679358, 668.227647}
{2895.725276, 858.679358, 666.077647}
{2890.725276, 858.679358, 663.927647}
{2885.725276, 858.679358, 661.777647}
{2890.725276, 858.679358, 659.627647}
{2895.725276, 858.679358, 657.477647}
{2900.725276, 858.679358, 655.327647}
{2905.725275, 858.679358, 653.177647}
{2910.725276, 858.679358, 651.027647}
{2915.725276, 858.679358, 648.877647}
{2920.725275, 858.679358, 651.027647}
{2925.725275, 858.679358, 653.177647}
{2930.725275, 858.679358, 655.327647}
{2935.725275, 858.679358, 657.477647}
{2940.725275, 858.679358, 659.627647}
{2945.725276, 858.679358, 661.777647}
{2940.725276, 858.679358, 663.927647}
{2935.725276, 858.679358, 666.077647}
{2930.725276, 858.679358, 668.227647}
{2925.725276, 858.679358, 670.377647}
{2920.725276, 858.679358, 672.527647}
{2961.823447, 858.679358, 694.912523}
{2956.823447, 858.679358, 692.762523}
{2951.823447, 858.679358, 690.612523}
{2946.823447, 858.679358, 688.462523}
{2941.823447, 858.679358, 686.312523}
{2936.823447, 858.679358, 684.162523}
{2931.823447, 858.679358, 682.012523}
{2936.823447, 858.679358, 679.862523}
{2941.823447, 858.679358, 677.712523}
{2946.823447, 858.679358, 675.562523}
{2951.823447, 858.679358, 673.412523}
{2956.823447, 858.679358, 671.262523}
{2961.823447, 858.679358, 669.112523}
{2966.823447, 858.679358, 671.262523}
{2971.823447, 858.679358, 673.412523}
{2976.823447, 858.679358, 675.562523}
{2981.823447, 858.679358, 677.712523}
{2986.823447, 858.679358, 679.862523}
{2991.823447, 858.679358, 682.012523}
{2986.823447, 858.679358, 684.162523}
{2981.823447, 858.679358, 686.312523}
{2976.823447, 858.679358, 688.462523}
{2971.823447, 858.679358, 690.612523}
{2966.823447, 858.679358, 692.762523}
{3002.054782, 858.679358, 708.134186}
{2997.054782, 858.679358, 705.984186}
{2992.054782, 858.679358, 703.834186}
{2987.054782, 858.679358, 701.684186}
{2982.054782, 858.679358, 699.534186}
{2977.054782, 858.679358, 697.384186}
{2972.054782, 858.679358, 695.234186}
{2977.054782, 858.679358, 693.084186}
{2982.054782, 858.679358, 690.934186}
{2987.054782, 858.679358, 688.784186}
{2992.054782, 858.679358, 686.634186}
{2997.054782, 858.679358, 684.484186}
{3002.054782, 858.679358, 682.334186}
{3007.054782, 858.679358, 684.484186}
{3012.054782, 858.679358, 686.634186}
{3017.054782, 858.679358, 688.784186}
{3022.054782, 858.679358, 690.934186}
{3027.054782, 858.679358, 693.084186}
{3032.054782, 858.679358, 695.234186}
{3027.054782, 858.679358, 697.384186}
{3022.054782, 858.679358, 699.534186}
{3017.054782, 858.679358, 701.684186}
{3012.054782, 858.679358, 703.834186}
{3007.054782, 858.679358, 705.984186}
{2949.458917, 858.679358, 829.610449}
{2944.458917, 858.679358, 827.460449}
{2939.458917, 858.679358, 825.310449}
{2934.458917, 858.679358, 823.160449}
{2929.458917, 858.679358, 821.010449}
{2924.458917, 858.679358, 818.860449}
{2919.458917, 858.679358, 816.710449}
{2924.458916, 858.679358, 814.560449}
{2929.458916, 858.679358, 812.410449}
{2934.458916, 858.679358, 810.260449}
{2939.458916, 858.679358, 808.110449}
{2944.458916, 858.679358, 805.960449}
{2949.458917, 858.679358, 803.810449}
{2954.458916, 858.679358, 805.960449}
{2959.458916, 858.679358, 808.110449}
{2964.458916, 858.679358, 810.260449}
{2969.458916, 858.679358, 812.410449}
{2974.458916, 858.679358, 814.560449}
{2979.458916, 858.679358, 816.710449}
{2974.458917, 858.679358, 818.860449}
{2969.458917, 858.679358, 821.010449}
{2964.458917, 858.679358, 823.160449}
{2959.458917, 858.679358, 825.310449}
{2954.458917, 858.679358, 827.460449}
{3101.066945, 858.679358, 795.988869}
{3096.066945, 858.679358, 793.838869}
{3091.066945, 858.679358, 791.688869}
{3086.066945, 858.679358, 789.538869}
{3081.066945, 858.679358, 787.388869}
{3076.066945, 858.679358, 785.238869}
{3071.066945, 858.679358, 783.088869}
{3076.066945, 858.679358, 780.938869}
{3081.066945, 858.679358, 778.788869}
{3086.066945, 858.679358, 776.638869}
{3091.066945, 858.679358, 774.488869}
{3096.066945, 858.679358, 772.338869}
{3101.066945, 858.679358, 770.188869}
{3106.066945, 858.679358, 772.338869}
{3111.066945, 858.679358, 774.488869}
{3116.066945, 858.679358, 776.638869}
{3121.066945, 858.679358, 778.788869}
{3126.066945, 858.679358, 780.938869}
{3131.066945, 858.679358, 783.088869}
{3126.066945, 858.679358, 785.238869}
{3121.066945, 858.679358, 787.388869}
{3116.066945, 858.679358, 789.538869}
{3111.066945, 858.679358, 791.688869}
{3106.066945, 858.679358, 793.838869}
{3224.800249, 858.679358, 793.911987}
{3219.800249, 858.679358, 791.761987}
{3214.800249, 858.679358, 789.611987}
{3209.800249, 858.679358, 787.461987}
{3204.800249, 858.679358, 785.311987}
{3199.800249, 858.679358, 783.161987}
{3194.800249, 858.679358, 781.011987}
{3199.800249, 858.679358, 778.861987}
{3204.800249, 858.679358, 776.711987}
{3209.800249, 858.679358, 774.561987}
{3214.800249, 858.679358, 772.411987}
{3219.800249, 858.679358, 770.261987}
{3224.800249, 858.679358, 768.111987}
{3229.800249, 858.679358, 770.261987}
{3234.800249, 858.679358, 772.411987}
{3239.800249, 858.679358, 774.561987}
{3244.800249, 858.679358, 776.711987}
{3249.800249, 858.679358, 778.861987}
{3254.800249, 858.679358, 781.011987}
{3249.800249, 858.679358, 783.161987}
{3244.800249, 858.679358, 785.311987}
{3239.800249, 858.679358, 787.461987}
{3234.800249, 858.679358, 789.611987}
{3229.800249, 858.679358, 791.761987}
{3207.467031, 858.679358, 755.340717}
{3202.467031, 858.679358, 753.190717}
{3197.467031, 858.679358, 751.040717}
{3192.467031, 858.679358, 748.890717}
{3187.467031, 858.679358, 746.740717}
{3182.467031, 858.679358, 744.590717}
{3177.467031, 858.679358, 742.440717}
{3182.467031, 858.679358, 740.290717}
{3187.467031, 858.679358, 738.140717}
{3192.467031, 858.679358, 735.990717}
{3197.46703, 858.679358, 733.840717}
{3202.467031, 858.679358, 731.690717}
{3207.467031, 858.679358, 729.540717}
{3212.46703, 858.679358, 731.690717}
{3217.46703, 858.679358, 733.840717}
{3222.46703, 858.679358, 735.990717}
{3227.46703, 858.679358, 738.140717}
{3232.46703, 858.679358, 740.290717}
{3237.467031, 858.679358, 742.440717}
{3232.467031, 858.679358, 744.590717}
{3227.467031, 858.679358, 746.740717}
{3222.467031, 858.679358, 748.890717}
{3217.467031, 858.679358, 751.040717}
{3212.467031, 858.679358, 753.190717}
{3225.337433, 858.679358, 721.654233}
{3220.337433, 858.679358, 719.504233}
{3215.337433, 858.679358, 717.354233}
{3210.337433, 858.679358, 715.204233}
{3205.337433, 858.679358, 713.054233}
{3200.337433, 858.679358, 710.904233}
{3195.337433, 858.679358, 708.754233}
{3200.337433, 858.679358, 706.604233}
{3205.337433, 858.679358, 704.454233}
{3210.337433, 858.679358, 702.304233}
{3215.337433, 858.679358, 700.154233}
{3220.337433, 858.679358, 698.004233}
{3225.337433, 858.679358, 695.854233}
{3230.337433, 858.679358, 698.004233}
{3235.337433, 858.679358, 700.154233}
{3240.337433, 858.679358, 702.304233}
{3245.337433, 858.679358, 704.454233}
{3250.337433, 858.679358, 706.604233}
{3255.337433, 858.679358, 708.754233}
{3250.337433, 858.679358, 710.904233}
{3245.337433, 858.679358, 713.054233}
{3240.337433, 858.679358, 715.204233}
{3235.337433, 858.679358, 717.354233}
{3230.337433, 858.679358, 719.504233}
{3321.889375, 858.679358, 701.434749}
{3316.889375, 858.679358, 699.284749}
{3311.889375, 858.679358, 697.134749}
{3306.889375, 858.679358, 694.984749}
{3301.889375, 858.679358, 692.834749}
{3296.889375, 858.679358, 690.684749}
{3291.889375, 858.679358, 688.534749}
{3296.889375, 858.679358, 686.384749}
{3301.889375, 858.679358, 684.234749}
{3306.889375, 858.679358, 682.084749}
{3311.889375, 858.679358, 679.934749}
{3316.889375, 858.679358, 677.784749}
{3321.889375, 858.679358, 675.634749}
{3326.889375, 858.679358, 677.784749}
{3331.889375, 858.679358, 679.934749}
{3336.889375, 858.679358, 682.084749}
{3341.889375, 858.679358, 684.234749}
{3346.889375, 858.679358, 686.384749}
{3351.889375, 858.679358, 688.534749}
{3346.889375, 858.679358, 690.684749}
{3341.889375, 858.679358, 692.834749}
{3336.889375, 858.679358, 694.984749}
{3331.889375, 858.679358, 697.134749}
{3326.889375, 858.679358, 699.284749}
{3385.231101, 858.679358, 716.994363}
{3380.231101, 858.679358, 714.844363}
{3375.231101, 858.679358, 712.694363}
{3370.231101, 858.679358, 710.544363}
{3365.231101, 858.679358, 708.394363}
{3360.231101, 858.679358, 706.244363}
{3355.231101, 858.679358, 704.094363}
{3360.231101, 858.679358, 701.944363}
{3365.231101, 858.679358, 699.794363}
{3370.231101, 858.679358, 697.644363}
{3375.231101, 858.679358, 695.494363}
{3380.231101, 858.679358, 693.344363}
{3385.231101, 858.679358, 691.194363}
{3390.231101, 858.679358, 693.344363}
{3395.231101, 858.679358, 695.494363}
{3400.231101, 858.679358, 697.644363}
{3405.231101, 858.679358, 699.794363}
{3410.231101, 858.679358, 701.944363}
{3415.231101, 858.679358, 704.094363}
{3410.231101, 858.679358, 706.244363}
{3405.231101, 858.679358, 708.394363}
{3400.231101, 858.679358, 710.544363}
{3395.231101, 858.679358, 712.694363}
{3390.231101, 858.679358, 714.844363}
{3297.929862, 858.679358, 611.903372}
{3292.929862, 858.679358, 609.753373}
{3287.929862, 858.679358, 607.603373}
{3282.929862, 858.679358, 605.453373}
{3277.929862, 858.679358, 603.303373}
{3272.929862, 858.679358, 601.153373}
{3267.929862, 858.679358, 599.003373}
{3272.929862, 858.679358, 596.853373}
{3277.929862, 858.679358, 594.703373}
{3282.929862, 858.679358, 592.553373}
{3287.929861, 858.679358, 590.403373}
{3292.929862, 858.679358, 588.253373}
{3297.929862, 858.679358, 586.103373}
{3302.929861, 858.679358, 588.253372}
{3307.929861, 858.679358, 590.403372}
{3312.929861, 858.679358, 592.553372}
{3317.929861, 858.679358, 594.703372}
{3322.929861, 858.679358, 596.853372}
{3327.929862, 858.679358, 599.003373}
{3322.929862, 858.679358, 601.153372}
{3317.929862, 858.679358, 603.303372}
{3312.929862, 858.679358, 605.453372}
{3307.929862, 858.679358, 607.603372}
{3302.929862, 858.679358, 609.753372}
{3140.481096, 858.679358, 609.132765}
{3135.481096, 858.679358, 606.982765}
{3130.481096, 858.679358, 604.832765}
{3125.481096, 858.679358, 602.682765}
{3120.481096, 858.679358, 600.532765}
{3115.481096, 858.679358, 598.382765}
{3110.481096, 858.679358, 596.232765}
{3115.481096, 858.679358, 594.082765}
{3120.481096, 858.679358, 591.932765}
{3125.481096, 858.679358, 589.782765}
{3130.481096, 858.679358, 587.632765}
{3135.481096, 858.679358, 585.482765}
{3140.481096, 858.679358, 583.332765}
{3145.481096, 858.679358, 585.482765}
{3150.481096, 858.679358, 587.632765}
{3155.481096, 858.679358, 589.782765}
{3160.481096, 858.679358, 591.932765}
{3165.481096, 858.679358, 594.082765}
{3170.481096, 858.679358, 596.232765}
{3165.481096, 858.679358, 598.382765}
{3160.481096, 858.679358, 600.532765}
{3155.481096, 858.679358, 602.682765}
{3150.481096, 858.679358, 604.832765}
{3145.481096, 858.679358, 606.982765}
{2766.10958, 858.679358, 786.283871}
{2771.10958, 858.679358, 784.133871}
{2776.10958, 858.679358, 781.983871}
{2781.10958, 858.679358, 779.833871}
{2786.10958, 858.679358, 777.683871}
{2791.10958, 858.679358, 779.833871}
{2796.10958, 858.679358, 781.983871}
{2801.10958, 858.679358, 784.133871}
{2806.10958, 858.679358, 786.283871}
{2801.10958, 858.679358, 788.433871}
{2796.10958, 858.679358, 790.583871}
{2791.10958, 858.679358, 792.733871}
{2786.10958, 858.679358, 794.883871}
{2781.10958, 858.679358, 792.733871}
{2776.10958, 858.679358, 790.583871}
{2771.10958, 858.679358, 788.433871}
{3004.285104, 858.679358, 792.232542}
{3009.285104, 858.679358, 790.082542}
{3014.285104, 858.679358, 787.932542}
{3019.285104, 858.679358, 785.782542}
{3024.285104, 858.679358, 783.632542}
{3029.285104, 858.679358, 785.782542}
{3034.285104, 858.679358, 787.932542}
{3039.285104, 858.679358, 790.082542}
{3044.285104, 858.679358, 792.232542}
{3039.285104, 858.679358, 794.382542}
{3034.285104, 858.679358, 796.532542}
{3029.285104, 858.679358, 798.682542}
{3024.285104, 858.679358, 800.832542}
{3019.285104, 858.679358, 798.682542}
{3014.285104, 858.679358, 796.532542}
{3009.285104, 858.679358, 794.382542}
{2640.065276, 858.679358, 629.257186}
{2645.065276, 858.679358, 627.107186}
{2650.065276, 858.679358, 624.957186}
{2655.065276, 858.679358, 622.807186}
{2660.065276, 858.679358, 620.657186}
{2665.065276, 858.679358, 622.807186}
{2670.065276, 858.679358, 624.957186}
{2675.065276, 858.679358, 627.107186}
{2680.065276, 858.679358, 629.257186}
{2675.065276, 858.679358, 631.407186}
{2670.065276, 858.679358, 633.557186}
{2665.065276, 858.679358, 635.707186}
{2660.065276, 858.679358, 637.857186}
{2655.065276, 858.679358, 635.707186}
{2650.065276, 858.679358, 633.557186}
{2645.065276, 858.679358, 631.407186}
