{537, 18.64, 596.82}
{539.54, 27.95, 598.35}
{542.17, 37.23, 599.88}
{544.88, 46.48, 601.42}
{547.67, 55.72, 602.95}
{550.53, 64.93, 604.49}
{553.47, 74.12, 606.02}
{557.17, 85.38, 607.91}
{560.17, 94.26, 609.39}
{563.22, 103.13, 610.87}
{566.33, 111.97, 612.35}
{569.49, 120.8, 613.82}
{572.69, 129.61, 615.28}
{575.95, 138.4, 616.74}
{579.26, 147.17, 618.2}
{583.5, 158.18, 620.02}
{588.83, 171.87, 622.26}
{513.02, 19.05, 560.66}
{515.33, 28.1, 562.42}
{517.73, 37.14, 564.15}
{520.21, 46.15, 565.9}
{522.78, 55.14, 567.65}
{525.43, 64.1, 569.4}
{528.15, 73.04, 571.15}
{531.69, 84.29, 573.35}
{534.86, 94.08, 575.27}
{538.11, 103.85, 577.18}
{541.43, 113.6, 579.08}
{544.83, 123.33, 580.97}
{548.29, 133.03, 582.85}
{551.81, 142.72, 584.71}
{555.91, 153.79, 586.82}
{559.43, 163.1, 588.59}
{563, 172.39, 590.35}
{566.62, 181.66, 592.09}
{570.29, 190.92, 593.82}
{574.01, 200.16, 595.53}
{577.77, 209.38, 597.24}
{582.3, 220.34, 599.25}
{586.33, 229.92, 601}
{590.4, 239.49, 602.74}
{594.51, 249.04, 604.47}
{598.67, 258.57, 606.18}
{602.87, 268.08, 607.89}
{607.7, 278.89, 609.81}
{611.44, 287.17, 611.28}
{615.21, 295.44, 612.74}
{619.01, 303.7, 614.19}
{622.83, 311.95, 615.64}
{498.34, 19.02, 523.75}
{500.36, 29.27, 526.16}
{502.51, 39.5, 528.55}
{504.81, 49.71, 530.91}
{507.24, 59.89, 533.25}
{509.8, 70.04, 535.57}
{512.81, 81.38, 538.14}
{515.48, 91.02, 540.32}
{518.26, 100.63, 542.48}
{521.13, 110.22, 544.63}
{524.09, 119.78, 546.76}
{527.14, 129.32, 548.88}
{530.27, 138.84, 550.99}
{534.03, 149.94, 553.45}
{537.11, 158.78, 555.39}
{540.26, 167.6, 557.33}
{543.47, 176.4, 559.26}
{546.74, 185.17, 561.19}
{550.06, 193.93, 563.1}
{553.45, 202.66, 565.01}
{557.76, 213.58, 567.39}
{561.75, 223.47, 569.55}
{565.81, 233.34, 571.69}
{569.93, 243.18, 573.83}
{574.12, 253, 575.96}
{578.36, 262.79, 578.09}
{583.1, 273.53, 580.42}
{586.97, 282.19, 582.3}
{590.89, 290.83, 584.17}
{594.85, 299.44, 586.03}
{598.85, 308.05, 587.9}
{602.89, 316.63, 589.75}
{607.96, 327.24, 592.05}
{612.14, 335.9, 593.92}
{616.37, 344.54, 595.78}
{620.64, 353.16, 597.64}
{624.94, 361.76, 599.5}
{629.28, 370.35, 601.36}
{634.64, 380.84, 603.61}
{639.22, 389.72, 605.51}
{643.84, 398.57, 607.41}
{648.49, 407.41, 609.31}
{497.13, 19.43, 485.25}
{498.51, 29.79, 487.68}
{499.97, 40.13, 490.11}
{501.53, 50.46, 492.54}
{503.19, 60.77, 494.98}
{504.95, 71.07, 497.43}
{507.03, 82.58, 500.17}
{508.9, 92.37, 502.52}
{510.86, 102.14, 504.87}
{512.92, 111.89, 507.23}
{515.08, 121.62, 509.58}
{517.33, 131.33, 511.94}
{519.69, 141.02, 514.3}
{522.57, 152.31, 517.06}
{524.89, 160.97, 519.19}
{527.29, 169.62, 521.31}
{529.77, 178.24, 523.43}
{532.33, 186.84, 525.55}
{534.98, 195.42, 527.67}
{537.71, 203.97, 529.78}
{541.38, 215.05, 532.52}
{544.67, 224.64, 534.9}
{548.06, 234.21, 537.28}
{551.54, 243.74, 539.65}
{555.11, 253.24, 542.01}
{558.76, 262.71, 544.37}
{563.09, 273.6, 547.08}
{566.62, 282.28, 549.24}
{570.22, 290.94, 551.4}
{573.88, 299.58, 553.56}
{577.61, 308.19, 555.7}
{581.39, 316.78, 557.84}
{586.19, 327.46, 560.51}
{590.61, 337.1, 562.91}
{595.09, 346.71, 565.3}
{599.64, 356.29, 567.69}
{604.24, 365.84, 570.07}
{609.42, 376.37, 572.68}
{614.24, 386.01, 575.08}
{619.09, 395.63, 577.46}
{623.96, 405.25, 579.85}
{628.82, 414.86, 582.23}
{634.03, 425.37, 584.83}
{637.96, 433.63, 586.87}
{641.72, 441.96, 588.92}
{645.25, 450.39, 591}
{648.5, 458.92, 593.09}
{652.18, 470.03, 595.82}
{654.9, 480.42, 598.36}
{656.93, 490.96, 600.94}
{658.16, 501.61, 603.53}
{500.77, 18.91, 445.99}
{501.91, 28.76, 448.5}
{503.14, 38.61, 451}
{504.46, 48.44, 453.51}
{505.85, 58.26, 456.02}
{507.33, 68.06, 458.53}
{509.15, 79.56, 461.49}
{510.81, 89.58, 464.07}
{512.55, 99.59, 466.66}
{514.36, 109.58, 469.25}
{516.23, 119.56, 471.85}
{518.17, 129.53, 474.46}
{520.17, 139.48, 477.07}
{522.53, 150.85, 480.07}
{524.45, 159.77, 482.43}
{526.41, 168.68, 484.8}
{528.41, 177.58, 487.17}
{530.47, 186.47, 489.55}
{532.57, 195.34, 491.93}
{534.71, 204.2, 494.32}
{537.52, 215.47, 497.36}
{539.91, 224.74, 499.88}
{542.36, 233.99, 502.41}
{544.87, 243.23, 504.93}
{547.46, 252.44, 507.46}
{550.13, 261.64, 509.99}
{553.48, 272.76, 513.07}
{556.23, 281.54, 515.5}
{559.05, 290.3, 517.94}
{561.97, 299.03, 520.37}
{564.97, 307.73, 522.8}
{568.06, 316.4, 525.23}
{572.08, 327.28, 528.29}
{575.75, 336.85, 530.98}
{579.52, 346.39, 533.67}
{583.39, 355.88, 536.35}
{587.36, 365.33, 539.02}
{592.01, 375.95, 542.02}
{595.81, 384.43, 544.43}
{599.63, 392.9, 546.83}
{603.48, 401.37, 549.23}
{607.33, 409.83, 551.63}
{612.15, 420.41, 554.63}
{615.76, 428.75, 557}
{619.21, 437.16, 559.38}
{622.47, 445.64, 561.78}
{625.44, 454.21, 564.2}
{628.71, 465.33, 567.34}
{630.84, 474.89, 570.03}
{632.27, 484.56, 572.75}
{632.94, 494.32, 575.49}
{632.72, 505.87, 578.71}
{631.74, 515.78, 581.47}
{630.23, 525.63, 584.2}
{628.54, 535.47, 586.92}
{626.69, 546.86, 590.04}
{625.65, 560.7, 593.82}
{506.37, 18.74, 405.73}
{507.41, 28.72, 408.38}
{508.53, 38.69, 411.06}
{509.74, 48.65, 413.75}
{511.03, 58.59, 416.45}
{512.4, 68.52, 419.15}
{514.07, 79.99, 422.29}
{515.51, 89.39, 424.88}
{517.02, 98.78, 427.47}
{518.59, 108.15, 430.08}
{520.21, 117.52, 432.69}
{521.88, 126.87, 435.31}
{523.61, 136.21, 437.95}
{525.79, 147.57, 441.17}
{527.64, 156.92, 443.83}
{529.53, 166.26, 446.51}
{531.47, 175.58, 449.2}
{533.46, 184.89, 451.89}
{535.49, 194.19, 454.6}
{537.57, 203.48, 457.32}
{540.15, 214.73, 460.62}
{542.41, 224.38, 463.48}
{544.72, 234.03, 466.35}
{547.07, 243.65, 469.23}
{549.46, 253.27, 472.11}
{551.9, 262.87, 475.01}
{554.79, 274.01, 478.38}
{557.51, 284.29, 481.51}
{560.29, 294.55, 484.65}
{563.11, 304.8, 487.8}
{565.99, 315.03, 490.96}
{569.15, 326.07, 494.37}
{572.12, 336.18, 497.51}
{575.16, 346.27, 500.65}
{578.27, 356.34, 503.8}
{581.48, 366.38, 506.95}
{585.11, 377.29, 510.36}
{588, 385.66, 513}
{590.91, 394.03, 515.63}
{593.83, 402.4, 518.26}
{596.77, 410.76, 520.89}
{600.57, 421.59, 524.31}
{603.87, 431.4, 527.4}
{606.99, 441.26, 530.5}
{609.8, 451.2, 533.63}
{612.46, 462.36, 537.14}
{614.13, 472.12, 540.21}
{615.16, 481.96, 543.29}
{615.45, 491.85, 546.38}
{614.82, 503.32, 549.95}
{613.81, 512.05, 552.66}
{612.48, 520.73, 555.34}
{611.17, 529.42, 558.02}
{609.95, 540.84, 561.52}
{610.01, 549.91, 564.32}
{611.47, 558.86, 567.11}
{614.21, 567.53, 569.84}
{618.85, 578.03, 573.18}
{624.29, 588.4, 576.53}
{629.91, 598.67, 579.89}
{635.24, 608.82, 583.26}
{638.9, 616.58, 585.88}
{642.18, 624.48, 588.57}
{646, 635.19, 592.25}
{648.38, 642.61, 594.82}
{650.72, 650.03, 597.4}
{654.59, 660.72, 601.12}
{660.31, 669.56, 604.2}
{513.59, 18.91, 364.6}
{514.52, 29.11, 367.42}
{515.53, 39.28, 370.28}
{516.63, 49.44, 373.17}
{517.82, 59.58, 376.08}
{519.09, 69.71, 379}
{520.62, 81.16, 382.33}
{521.95, 90.54, 385.07}
{523.35, 99.91, 387.82}
{524.8, 109.26, 390.58}
{526.31, 118.6, 393.35}
{527.88, 127.93, 396.14}
{529.49, 137.24, 398.94}
{531.53, 148.56, 402.37}
{533.15, 157.25, 405.02}
{534.8, 165.93, 407.68}
{536.5, 174.59, 410.36}
{538.23, 183.25, 413.04}
{540, 191.89, 415.74}
{541.81, 200.52, 418.45}
{544.21, 211.71, 421.99}
{546.46, 221.96, 425.26}
{548.76, 232.19, 428.54}
{551.11, 242.41, 431.84}
{553.49, 252.61, 435.16}
{555.92, 262.79, 438.5}
{558.62, 273.88, 442.15}
{560.77, 282.54, 445.02}
{562.95, 291.2, 447.91}
{565.15, 299.84, 450.81}
{567.39, 308.47, 453.71}
{569.65, 317.09, 456.63}
{572.59, 328.09, 460.38}
{575.05, 337.14, 463.47}
{577.54, 346.18, 466.58}
{580.06, 355.21, 469.69}
{582.61, 364.22, 472.81}
{585.77, 375.15, 476.62}
{588.49, 384.47, 479.87}
{591.24, 393.78, 483.14}
{593.95, 403.1, 486.41}
{596.57, 412.44, 489.71}
{599.5, 423.39, 493.58}
{601.85, 433, 496.99}
{603.96, 442.67, 500.43}
{605.73, 452.39, 503.89}
{607.27, 463.58, 507.88}
{607.98, 472.03, 510.9}
{608.23, 480.5, 513.92}
{607.99, 488.96, 516.95}
{606.91, 500.23, 520.98}
{605.59, 508.8, 524.04}
{604.13, 517.36, 527.09}
{602.66, 525.91, 530.14}
{601.8, 537.14, 534.13}
{604.51, 546.48, 537.46}
{609.54, 554.94, 540.49}
{615.85, 562.61, 543.24}
{624.15, 570.72, 546.17}
{632.21, 577.72, 548.7}
{640.53, 584.45, 551.15}
{648.96, 591.04, 553.55}
{657.38, 597.64, 555.97}
{666.49, 604.96, 558.66}
{673.22, 610.81, 560.81}
{679.55, 617.04, 563.11}
{685.08, 623.9, 565.65}
{689.46, 634.34, 569.53}
{688.17, 645.04, 573.52}
{683.06, 655.27, 577.35}
{678.86, 662.22, 579.96}
{674.92, 669.3, 582.62}
{670.73, 679.84, 586.59}
{669.57, 692.42, 591.33}
{672.04, 703.41, 595.48}
{674.73, 709.48, 597.76}
{522.31, 19.08, 322.44}
{523.09, 29.43, 325.45}
{523.96, 39.76, 328.5}
{524.93, 50.08, 331.6}
{525.98, 60.37, 334.74}
{527.12, 70.64, 337.9}
{528.49, 82.05, 341.44}
{529.69, 91.48, 344.39}
{530.96, 100.88, 347.35}
{532.29, 110.28, 350.34}
{533.67, 119.66, 353.34}
{535.12, 129.02, 356.36}
{536.62, 138.37, 359.4}
{538.5, 149.65, 363.1}
{540.28, 159.95, 366.5}
{542.12, 170.23, 369.93}
{544.02, 180.49, 373.38}
{545.97, 190.73, 376.86}
{547.98, 200.96, 380.36}
{550.22, 212.1, 384.2}
{552.16, 221.46, 387.46}
{554.13, 230.82, 390.74}
{556.14, 240.15, 394.04}
{558.19, 249.47, 397.35}
{560.27, 258.78, 400.69}
{562.79, 269.8, 404.67}
{564.91, 278.94, 407.99}
{567.07, 288.08, 411.33}
{569.26, 297.19, 414.69}
{571.48, 306.3, 418.07}
{573.73, 315.39, 421.46}
{576.48, 326.32, 425.56}
{578.93, 335.9, 429.18}
{581.41, 345.47, 432.81}
{583.92, 355.02, 436.46}
{586.46, 364.55, 440.12}
{589.4, 375.41, 444.31}
{592.29, 385.93, 448.39}
{595.2, 396.44, 452.48}
{598.04, 406.96, 456.6}
{600.84, 417.82, 460.87}
{602.85, 426.37, 464.24}
{604.66, 434.95, 467.64}
{606.2, 443.58, 471.06}
{607.38, 452.25, 474.5}
{608.29, 463.35, 478.92}
{608.42, 471.83, 482.3}
{608.01, 480.29, 485.68}
{607.04, 488.71, 489.04}
{605.01, 499.63, 493.41}
{602.31, 510.89, 497.91}
{599.11, 522.04, 502.37}
{598.58, 533.07, 506.71}
{602.44, 541.78, 510.01}
{608.74, 549.2, 512.74}
{616.24, 555.61, 515.04}
{624.35, 561.33, 517.04}
{634.45, 567.45, 519.13}
{643.53, 572.41, 520.79}
{652.8, 577.06, 522.32}
{662.2, 581.46, 523.74}
{671.72, 585.65, 525.06}
{681.33, 589.65, 526.31}
{691.01, 593.47, 527.48}
{700.78, 597.12, 528.59}
{710.61, 600.59, 529.62}
{532.58, 19.36, 279.19}
{533.12, 28.31, 281.86}
{533.71, 37.23, 284.63}
{534.37, 46.13, 287.45}
{535.09, 55.02, 290.29}
{535.89, 63.89, 293.14}
{536.75, 72.75, 296.03}
{537.93, 84.11, 299.76}
{538.99, 93.46, 302.87}
{540.1, 102.79, 306.01}
{541.27, 112.11, 309.18}
{542.51, 121.41, 312.37}
{543.79, 130.7, 315.6}
{545.13, 139.96, 318.84}
{546.83, 151.15, 322.81}
{548.44, 161.38, 326.47}
{550.11, 171.58, 330.17}
{551.84, 181.77, 333.9}
{553.62, 191.94, 337.66}
{555.45, 202.08, 341.46}
{557.51, 213.15, 345.64}
{559.28, 222.38, 349.16}
{561.08, 231.59, 352.7}
{562.92, 240.78, 356.27}
{564.8, 249.96, 359.87}
{566.71, 259.12, 363.48}
{569.05, 270.07, 367.84}
{570.85, 278.36, 371.17}
{572.68, 286.63, 374.51}
{574.54, 294.88, 377.86}
{576.42, 303.13, 381.24}
{578.32, 311.36, 384.63}
{580.87, 322.21, 389.12}
{583.27, 332.25, 393.32}
{585.71, 342.27, 397.53}
{588.18, 352.28, 401.76}
{590.68, 362.27, 406.01}
{593.41, 373, 410.6}
{595.59, 381.46, 414.24}
{597.8, 389.91, 417.89}
{600.03, 398.34, 421.54}
{602.23, 406.78, 425.21}
{604.93, 417.45, 429.87}
{607.04, 426.52, 433.84}
{608.91, 435.63, 437.84}
{610.46, 444.79, 441.88}
{611.75, 455.67, 446.68}
{612.16, 463.76, 450.25}
{612.06, 471.85, 453.84}
{611.41, 479.92, 457.41}
{610.16, 487.93, 460.96}
{607.58, 498.61, 465.7}
{605.23, 506.22, 469.07}
{602.64, 513.75, 472.41}
{600.08, 521.3, 475.75}
{598, 532.03, 480.46}
{601.3, 540.97, 484.23}
{607.74, 548.43, 487.27}
{615.51, 554.76, 489.78}
{625.36, 561.16, 492.25}
{634.16, 566.14, 494.13}
{643.19, 570.77, 495.85}
{652.36, 575.13, 497.44}
{661.66, 579.29, 498.93}
{671.05, 583.25, 500.33}
{680.51, 587.06, 501.65}
{690.04, 590.72, 502.91}
{699.63, 594.25, 504.1}
{709.28, 597.64, 505.23}
{544.55, 20.93, 235.51}
{544.99, 30.2, 238.33}
{545.46, 39.42, 241.31}
{546, 48.61, 244.35}
{546.61, 57.8, 247.4}
{547.29, 66.97, 250.47}
{548.05, 76.13, 253.58}
{549.06, 87.43, 257.49}
{549.98, 96.89, 260.79}
{550.96, 106.33, 264.12}
{552.01, 115.75, 267.48}
{553.11, 125.15, 270.88}
{554.27, 134.54, 274.31}
{555.48, 143.91, 277.77}
{557, 155.04, 281.93}
{558.43, 165.14, 285.75}
{559.93, 175.22, 289.61}
{561.48, 185.27, 293.5}
{563.09, 195.31, 297.43}
{564.74, 205.32, 301.39}
{566.63, 216.32, 305.79}
{568.26, 225.56, 309.53}
{569.93, 234.78, 313.3}
{571.64, 243.98, 317.09}
{573.38, 253.16, 320.91}
{575.17, 262.33, 324.75}
{577.33, 273.19, 329.35}
{579.04, 281.59, 332.94}
{580.78, 289.98, 336.54}
{582.55, 298.34, 340.17}
{584.34, 306.7, 343.82}
{586.16, 315.04, 347.48}
{588.55, 325.8, 352.24}
{590.66, 335.1, 356.39}
{592.79, 344.39, 360.56}
{594.95, 353.66, 364.75}
{597.14, 362.92, 368.96}
{599.71, 373.59, 373.84}
{601.9, 382.56, 377.98}
{604.12, 391.52, 382.12}
{606.36, 400.47, 386.28}
{608.62, 409.41, 390.46}
{611.31, 419.99, 395.42}
{613.69, 430, 400.14}
{615.85, 440.05, 404.9}
{617.62, 450.15, 409.7}
{618.94, 460.9, 414.82}
{619.39, 468.85, 418.62}
{619.28, 476.8, 422.43}
{618.55, 484.72, 426.23}
{616.45, 495.37, 431.35}
{614.07, 503.33, 435.18}
{611.13, 511.13, 438.94}
{607.87, 518.83, 442.65}
{604.67, 526.54, 446.36}
{601.19, 536.91, 451.36}
{602, 545.13, 455.25}
{606.34, 552.45, 458.66}
{612.41, 558.74, 461.54}
{621.68, 565.71, 464.69}
{630.03, 571.01, 467.06}
{638.68, 575.92, 469.22}
{647.52, 580.53, 471.23}
{656.5, 584.91, 473.13}
{665.61, 589.08, 474.92}
{558.21, 20.93, 190.88}
{558.32, 30.48, 194.38}
{558.54, 40.03, 197.9}
{558.86, 49.56, 201.44}
{559.26, 59.1, 204.98}
{559.74, 68.62, 208.53}
{560.29, 78.13, 212.09}
{561.05, 89.35, 216.31}
{561.75, 98.6, 219.81}
{562.51, 107.84, 223.33}
{563.34, 117.07, 226.86}
{564.23, 126.28, 230.41}
{565.18, 135.49, 233.98}
{566.19, 144.67, 237.57}
{567.48, 155.76, 241.94}
{568.74, 165.9, 245.96}
{570.05, 176.01, 250.02}
{571.43, 186.11, 254.1}
{572.86, 196.18, 258.21}
{574.35, 206.24, 262.35}
{576.04, 217.19, 266.9}
{577.51, 226.39, 270.76}
{579.03, 235.57, 274.65}
{580.58, 244.73, 278.56}
{582.18, 253.88, 282.5}
{583.81, 263.01, 286.47}
{585.8, 273.83, 291.22}
{587.39, 282.29, 294.96}
{589.02, 290.73, 298.72}
{590.67, 299.15, 302.51}
{592.36, 307.56, 306.32}
{594.07, 315.96, 310.15}
{596.29, 326.66, 315.08}
{598.35, 336.35, 319.58}
{600.44, 346.01, 324.11}
{602.56, 355.66, 328.66}
{604.72, 365.29, 333.24}
{607.13, 375.88, 338.33}
{609.09, 384.36, 342.43}
{611.07, 392.82, 346.54}
{613.08, 401.27, 350.68}
{615.1, 409.7, 354.83}
{617.66, 420.17, 360.02}
{619.64, 428.22, 364.03}
{621.59, 436.26, 368.06}
{623.46, 444.31, 372.11}
{625.16, 452.39, 376.2}
{627.04, 462.92, 381.55}
{628.19, 471.92, 386.14}
{628.74, 480.94, 390.77}
{628.52, 489.98, 395.42}
{627.16, 500.54, 400.88}
{624.26, 511.3, 406.45}
{620.09, 521.71, 411.87}
{615.33, 531.46, 416.95}
{610.87, 540.88, 421.87}
{607.34, 550.58, 426.94}
{607.94, 560.66, 432.22}
{613.69, 569.92, 437.07}
{621.56, 577.47, 441.03}
{630.4, 584.15, 444.54}
{639.76, 590.24, 447.74}
{649.83, 595.96, 450.75}
{658.29, 600.48, 453.13}
{666.88, 604.79, 455.39}
{675.58, 608.92, 457.57}
{684.38, 612.89, 459.66}
{693.27, 616.7, 461.67}
{578.14, 131.14, 188.29}
{579.05, 142.27, 192.84}
{580.04, 153.39, 197.43}
{581.13, 164.44, 202.04}
{582.14, 174.05, 206.08}
{583.21, 183.65, 210.16}
{584.33, 193.23, 214.26}
{585.51, 202.79, 218.39}
{586.74, 212.33, 222.55}
{588.21, 223.23, 227.35}
{589.47, 232.22, 231.35}
{590.77, 241.2, 235.37}
{592.11, 250.15, 239.43}
{593.5, 259.09, 243.51}
{594.92, 268.01, 247.62}
{596.69, 278.78, 252.63}
{598.09, 287.02, 256.5}
{599.51, 295.23, 260.38}
{600.97, 303.43, 264.3}
{602.45, 311.62, 268.23}
{603.96, 319.78, 272.19}
{605.98, 330.43, 277.4}
{607.81, 339.84, 282.04}
{609.67, 349.23, 286.72}
{611.56, 358.6, 291.42}
{613.49, 367.95, 296.16}
{615.71, 378.48, 301.53}
{617.58, 387.24, 306.04}
{619.49, 395.98, 310.57}
{621.41, 404.7, 315.12}
{623.37, 413.4, 319.69}
{625.74, 423.82, 325.2}
{627.5, 431.4, 329.24}
{629.27, 438.96, 333.29}
{631.06, 446.51, 337.35}
{632.83, 454.06, 341.43}
{635.15, 464.39, 347.04}
{637.04, 473.85, 352.21}
{638.6, 483.35, 357.43}
{639.63, 492.9, 362.7}
{639.95, 503.33, 368.49}
{639.39, 511.57, 373.07}
{638.02, 519.73, 377.63}
{635.75, 527.73, 382.11}
{631.7, 537.54, 387.61}
{626.84, 546.84, 392.85}
{621.86, 556.09, 398.06}
{617.49, 565.8, 403.55}
{615.54, 574.01, 408.21}
{616.64, 582.26, 413.02}
{620.52, 589.83, 417.56}
{627.83, 597.88, 422.57}
{635.4, 604.38, 426.73}
{643.59, 610.29, 430.6}
{652.13, 615.8, 434.3}
{661.9, 621.49, 438.22}
{670.21, 625.98, 441.37}
{678.67, 630.27, 444.43}
{687.24, 634.37, 447.41}
{695.92, 638.29, 450.32}
{604.18, 242.76, 191.36}
{605.28, 251.73, 195.62}
{606.44, 260.66, 199.92}
{607.63, 269.58, 204.25}
{608.85, 278.48, 208.61}
{610.38, 289.13, 213.88}
{611.84, 298.98, 218.82}
{613.35, 308.8, 223.79}
{614.9, 318.6, 228.79}
{616.5, 328.38, 233.83}
{618.27, 338.88, 239.3}
{619.85, 348.03, 244.11}
{621.47, 357.17, 248.95}
{623.13, 366.28, 253.82}
{624.82, 375.37, 258.71}
{626.81, 385.76, 264.35}
{628.44, 394.1, 268.9}
{630.09, 402.43, 273.47}
{631.78, 410.74, 278.07}
{633.49, 419.03, 282.67}
{635.67, 429.37, 288.45}
{637.38, 437.34, 292.92}
{639.11, 445.29, 297.41}
{640.87, 453.24, 301.9}
{642.65, 461.17, 306.41}
{644.99, 471.44, 312.26}
{647.06, 480.54, 317.47}
{649.05, 489.64, 322.72}
{650.83, 498.74, 328.03}
{652.48, 509, 334.08}
{653.39, 517.26, 339.03}
{653.76, 525.53, 344.05}
{653.43, 533.76, 349.13}
{651.93, 543.82, 355.44}
{649.88, 551.02, 360.03}
{647.05, 558, 364.54}
{643.55, 564.75, 368.96}
{638.15, 573.63, 374.86}
{633.71, 580.81, 379.69}
{629.81, 588.16, 384.7}
{626.74, 597.67, 391.27}
{626.7, 605.62, 396.82}
{629.4, 613.25, 402.19}
{635.32, 621.75, 408.21}
{640.84, 627.75, 412.45}
{646.92, 633.37, 416.41}
{653.31, 638.78, 420.21}
{661.95, 645.6, 424.96}
{669.27, 651.16, 428.81}
{676.63, 656.69, 432.6}
{683.96, 662.27, 436.39}
{692.58, 669.14, 440.98}
{700.49, 676.03, 445.53}
{707.75, 683.42, 450.33}
{714.12, 691.91, 455.74}
{718.32, 701.35, 461.61}
{719.48, 711.48, 467.75}
{718.44, 718.93, 472.16}
{716.26, 726.23, 476.39}
{712.04, 736, 481.93}
{707.8, 744.94, 486.85}
{703.66, 753.96, 491.68}
{700.38, 764.17, 496.99}
{699.98, 771.45, 500.67}
{701.47, 778.65, 504.22}
{629.99, 334.01, 193.3}
{630.8, 339.75, 196.4}
{632.31, 350.23, 202.13}
{633.6, 358.85, 206.93}
{634.93, 367.45, 211.77}
{636.29, 376.02, 216.65}
{637.68, 384.56, 221.56}
{639.38, 394.78, 227.5}
{640.76, 402.84, 232.24}
{642.16, 410.89, 237}
{643.59, 418.91, 241.8}
{645.04, 426.9, 246.62}
{646.92, 437.02, 252.78}
{648.74, 446.58, 258.65}
{650.59, 456.11, 264.56}
{652.47, 465.62, 270.51}
{654.5, 475.65, 276.83}
{656.42, 484.96, 282.74}
{658.38, 494.24, 288.68}
{660.34, 503.51, 294.64}
{662.41, 513.45, 301.08}
{663.94, 521.31, 306.21}
{665.3, 529.19, 311.36}
{666.4, 537.09, 316.55}
{667.36, 547.06, 323.12}
{667.57, 554.39, 327.97}
{667.27, 561.72, 332.83}
{666.34, 569, 337.67}
{663.37, 580.65, 345.43}
{653.62, 411.41, 196.84}
{654.79, 419.11, 201.59}
{655.99, 426.78, 206.36}
{657.22, 434.44, 211.16}
{658.86, 444.47, 217.52}
{660.48, 454.09, 223.68}
{662.13, 463.67, 229.9}
{663.82, 473.22, 236.16}
{665.61, 483.13, 242.74}
{667.15, 491.47, 248.34}
{668.71, 499.79, 253.98}
{670.29, 508.08, 259.66}
{672.19, 517.84, 266.43}
{673.82, 526.1, 272.21}
{675.45, 534.32, 278.03}
{677.03, 542.52, 283.9}
{678.8, 552.18, 290.88}
{679.92, 559.22, 296.03}
{680.84, 566.25, 301.21}

{693.12, 701.02, 571.46}
{686.03, 708.1, 574.41}
{681.75, 716.85, 578.07}
{682.13, 727.77, 582.62}
{697.1, 724.77, 559.83}
{690.91, 732.98, 562.97}
{689.03, 742.81, 566.72}
{692.94, 753.8, 570.91}
{736.58, 721.45, 533.47}
{728.15, 724.87, 535.06}
{720, 728.82, 536.9}
{712.18, 733.28, 538.97}
{704.97, 738.5, 541.4}
{698.9, 744.79, 544.32}
{694.7, 754.87, 549.01}
{695.94, 762.87, 552.73}
{737.07, 725.48, 509.43}
{728.47, 730.82, 511.65}
{720.41, 736.83, 514.13}
{712.96, 743.5, 516.85}
{706.18, 750.75, 519.78}
{700.1, 760.22, 523.59}
{700.15, 773.91, 528.81}
{643.75, 648.02, 394.72}
{647.43, 654.25, 399.74}
{651.75, 660.26, 404.53}
{658.36, 668.2, 410.72}
{665.37, 676.21, 416.82}
{672.36, 684.32, 422.8}
{678.9, 692.54, 428.66}
{683.51, 699.18, 433.24}
{687.61, 706.1, 437.88}
{691.84, 715.54, 443.97}
{694.87, 726.69, 450.86}
{696.09, 736.93, 456.89}
{696.33, 744.94, 461.41}
{696.35, 753.01, 465.83}
{696.72, 763.54, 471.37}
{699.34, 775.25, 477.25}
{661.35, 689.38, 394.58}
{665.3, 698.65, 401.21}
{669.65, 707.86, 407.67}
{674.05, 717.07, 413.99}
{677.42, 724.41, 418.91}
{680.64, 731.85, 423.8}
{684.51, 741.39, 429.9}
{687.24, 748.36, 434.25}
{690.07, 755.36, 438.48}
{693.15, 762.3, 442.63}
{605.42, 238.19, 620.86}
{605.39, 248.27, 617.55}
{605.35, 258.33, 614.15}
{605.3, 268.35, 610.68}
{605.26, 278.71, 607.01}
{605.25, 288.25, 603.55}
{605.25, 297.78, 600.04}
{605.29, 307.29, 596.48}
{605.36, 316.78, 592.88}
{605.48, 327.05, 588.92}
{605.66, 336.82, 585.1}
{605.9, 346.57, 581.25}
{606.2, 356.3, 577.36}
{606.58, 366.02, 573.44}
{607.08, 376.21, 569.29}
{607.58, 384.68, 565.8}
{608.15, 393.13, 562.31}
{608.76, 401.58, 558.79}
{609.37, 410.02, 555.26}
{610.07, 420.14, 551.01}
{610.65, 430.67, 546.54}
{611.06, 441.2, 542.05}
{611.22, 451.72, 537.54}
{611.1, 461.79, 533.2}
{610.66, 471.11, 529.18}
{609.83, 480.4, 525.15}
{608.49, 489.63, 521.13}
{606.41, 499.55, 516.8}
{604.34, 507.29, 513.41}
{601.95, 514.96, 510.05}
{599.4, 522.58, 506.7}
{598.34, 532.51, 502.34}
{602.02, 541.24, 498.5}
{608.5, 548.55, 495.27}
{616.07, 554.93, 492.44}
{624.75, 561.08, 489.7}
{633.11, 566.58, 487.24}
{641.56, 571.96, 484.81}
{650.02, 577.32, 482.39}
{658.43, 582.75, 479.91}
{666.69, 588.35, 477.33}
{675.3, 594.56, 474.46}
{682.87, 600.69, 471.58}
{689.93, 607.28, 468.46}
{695.99, 614.63, 464.93}
{700.73, 623.47, 460.61}
{702.12, 635.77, 454.46}
{699.62, 645.21, 449.61}
{695.67, 653.52, 445.25}
{690.95, 661.48, 440.97}
{685.64, 669.89, 436.34}
{681.47, 676.86, 432.41}
{677.69, 683.96, 428.32}
{673.95, 692.87, 423.05}
{671.79, 701.49, 417.8}
{671.54, 710.21, 412.32}
{673.83, 718.63, 406.86}
{581.99, 140.77, 622.94}
{581.64, 147.46, 620.8}
{581.19, 157.94, 617.41}
{580.85, 168.31, 614.01}
{580.57, 178.66, 610.58}
{580.34, 189, 607.1}
{580.17, 199.34, 603.59}
{580.06, 209.66, 600.05}
{580.01, 220.06, 596.43}
{580.02, 228.66, 593.42}
{580.08, 237.26, 590.38}
{580.19, 245.85, 587.32}
{580.35, 254.42, 584.24}
{580.57, 262.99, 581.14}
{580.9, 273.35, 577.36}
{581.25, 282.1, 574.15}
{581.67, 290.83, 570.92}
{582.15, 299.56, 567.67}
{582.71, 308.28, 564.41}
{583.36, 316.99, 561.13}
{584.23, 327.24, 557.24}
{585.18, 336.86, 553.57}
{586.26, 346.46, 549.89}
{587.48, 356.04, 546.2}
{588.85, 365.6, 542.49}
{590.52, 375.69, 538.56}
{592.17, 384.59, 535.07}
{593.92, 393.47, 531.58}
{595.74, 402.34, 528.08}
{597.6, 411.19, 524.58}
{599.78, 421.21, 520.6}
{602.03, 431.74, 516.4}
{604.12, 442.29, 512.18}
{605.86, 452.89, 507.93}
{607.13, 463.07, 503.82}
{607.65, 471.76, 500.32}
{607.59, 480.45, 496.8}
{606.86, 489.12, 493.29}
{605.17, 499.18, 489.21}
{602.53, 510.43, 484.64}
{599.52, 521.6, 480.1}
{598.17, 531.62, 476.01}
{600.94, 541.54, 471.93}
{606.55, 550.41, 468.23}
{613.39, 558.51, 464.81}
{620.6, 566.1, 461.54}
{627.87, 573.59, 458.25}
{634.98, 581.18, 454.82}
{641.67, 589.04, 451.19}
{647.68, 597.31, 447.24}
{652.32, 605.45, 443.2}
{655.74, 613.99, 438.79}
{657.8, 623.43, 433.68}
{658.3, 630.54, 429.65}
{658.06, 637.58, 425.47}
{657.04, 646.8, 419.71}
{656.11, 653.37, 415.36}
{655.33, 659.85, 410.86}
{654.99, 668.65, 404.38}
{655.73, 674.89, 399.47}
{657.63, 680.85, 394.53}
{559.63, 19.03, 624.63}
{558.78, 28.28, 622.01}
{558, 37.53, 619.37}
{557.3, 46.78, 616.7}
{556.65, 56.02, 614}
{556.08, 65.27, 611.28}
{555.57, 74.51, 608.54}
{555.07, 85.04, 605.38}
{554.69, 94.71, 602.45}
{554.38, 104.38, 599.5}
{554.13, 114.04, 596.52}
{553.96, 123.7, 593.52}
{553.86, 133.35, 590.49}
{553.83, 142.99, 587.44}
{553.88, 153.49, 584.09}
{554.01, 163.39, 580.9}
{554.21, 173.29, 577.7}
{554.5, 183.17, 574.46}
{554.86, 193.05, 571.21}
{555.32, 202.91, 567.94}
{555.89, 213.34, 564.45}
{556.55, 223.3, 561.1}
{557.31, 233.25, 557.73}
{558.17, 243.17, 554.34}
{559.16, 253.09, 550.94}
{560.27, 262.98, 547.52}
{561.58, 273.33, 543.92}
{562.82, 282.06, 540.87}
{564.17, 290.77, 537.81}
{565.64, 299.46, 534.74}
{567.24, 308.13, 531.66}
{568.98, 316.77, 528.59}
{571.18, 326.91, 524.95}
{573.57, 336.97, 521.33}
{576.14, 346.99, 517.71}
{578.87, 356.97, 514.09}
{581.76, 366.9, 510.46}
{584.8, 376.78, 506.84}
{587.69, 385.85, 503.51}
{590.64, 394.89, 500.18}
{593.61, 403.93, 496.83}
{596.52, 412.98, 493.47}
{599.58, 422.84, 489.81}
{602.4, 432.74, 486.11}
{604.95, 442.71, 482.38}
{607.05, 452.76, 478.61}
{608.66, 462.92, 474.8}
{609.45, 471.32, 471.63}
{609.72, 479.74, 468.46}
{609.43, 488.17, 465.28}
{608.33, 498.41, 461.41}
{606.82, 507.81, 457.85}
{605.04, 517.17, 454.31}
{603.37, 526.55, 450.76}
{602.22, 536.78, 446.88}
{602.89, 545.12, 443.6}
{605.09, 553.18, 440.25}
{608.19, 560.92, 436.86}
{612.65, 570.01, 432.64}
{617.51, 579.78, 427.8}
{622.08, 589.51, 422.63}
{625.77, 598.5, 417.51}
{628.39, 605.88, 413.03}
{630.74, 613.2, 408.29}
{633.41, 621.94, 402.21}
{637.12, 632.17, 394.38}
{531.51, 18.42, 589.44}
{531.05, 27.59, 586.9}
{530.67, 36.76, 584.33}
{530.36, 45.92, 581.74}
{530.14, 55.08, 579.12}
{529.99, 64.24, 576.48}
{529.91, 73.38, 573.81}
{529.93, 83.93, 570.7}
{530.02, 93.16, 567.95}
{530.2, 102.39, 565.18}
{530.47, 111.6, 562.38}
{530.82, 120.81, 559.56}
{531.26, 130, 556.72}
{531.79, 139.18, 553.86}
{532.52, 149.62, 550.58}
{533.26, 158.79, 547.67}
{534.12, 167.94, 544.74}
{535.09, 177.07, 541.79}
{536.17, 186.18, 538.83}
{537.38, 195.28, 535.85}
{538.71, 204.35, 532.86}
{540.39, 214.67, 529.43}
{542.11, 224.23, 526.22}
{543.98, 233.76, 523}
{546, 243.25, 519.77}
{548.17, 252.71, 516.53}
{550.48, 262.13, 513.28}
{553.12, 272.21, 509.78}
{555.52, 280.95, 506.73}
{558.02, 289.65, 503.67}
{560.6, 298.33, 500.6}
{563.25, 306.98, 497.52}
{565.97, 315.61, 494.43}
{569.16, 325.48, 490.88}
{572.41, 335.35, 487.31}
{575.71, 345.18, 483.73}
{579.06, 355, 480.13}
{582.46, 364.8, 476.52}
{585.92, 374.59, 472.9}
{588.87, 382.82, 469.83}
{591.84, 391.04, 466.76}
{594.81, 399.25, 463.68}
{597.74, 407.48, 460.58}
{601.16, 417.29, 456.86}
{604.25, 426.55, 453.34}
{607.17, 435.85, 449.79}
{609.86, 445.21, 446.2}
{612.4, 455.2, 442.35}
{614.49, 465.06, 438.54}
{616.13, 474.99, 434.68}
{617.28, 484.98, 430.79}
{617.92, 495.15, 426.81}
{618.12, 503.94, 423.36}
{618.06, 512.73, 419.9}
{617.87, 521.51, 416.43}
{617.68, 531.7, 412.39}
{617.74, 539.75, 409.19}
{618.08, 547.79, 405.99}
{618.81, 555.81, 402.79}
{620.35, 565.92, 398.75}
{622.91, 577.05, 394.28}
{626.25, 588, 389.88}
{508.83, 18.78, 552.89}
{508.95, 29.13, 550.04}
{509.22, 39.48, 547.16}
{509.62, 49.81, 544.26}
{510.17, 60.13, 541.34}
{510.87, 70.44, 538.38}
{511.75, 81, 535.33}
{512.75, 91.15, 532.36}
{513.91, 101.27, 529.38}
{515.23, 111.37, 526.38}
{516.7, 121.43, 523.36}
{518.33, 131.47, 520.32}
{520.12, 141.48, 517.28}
{522.14, 151.83, 514.1}
{524, 160.72, 511.35}
{525.96, 169.58, 508.59}
{528.03, 178.41, 505.82}
{530.18, 187.22, 503.04}
{532.42, 196.01, 500.26}
{534.74, 204.77, 497.46}
{537.5, 214.91, 494.21}
{540.24, 224.66, 491.06}
{543.04, 234.38, 487.9}
{545.9, 244.09, 484.73}
{548.82, 253.78, 481.55}
{551.78, 263.45, 478.36}
{554.91, 273.44, 475.04}
{557.74, 282.32, 472.08}
{560.6, 291.17, 469.12}
{563.51, 300.01, 466.15}
{566.45, 308.84, 463.17}
{569.43, 317.65, 460.18}
{572.82, 327.53, 456.82}
{576.09, 336.94, 453.6}
{579.4, 346.34, 450.38}
{582.75, 355.73, 447.15}
{586.14, 365.1, 443.91}
{589.72, 374.88, 440.52}
{592.71, 382.98, 437.71}
{595.73, 391.07, 434.89}
{598.76, 399.15, 432.07}
{601.78, 407.24, 429.25}
{605.4, 416.99, 425.83}
{608.41, 425.34, 422.9}
{611.35, 433.71, 419.95}
{614.17, 442.11, 416.99}
{616.86, 450.55, 414.01}
{619.83, 460.49, 410.5}
{622.5, 470.34, 407.01}
{624.9, 480.25, 403.5}
{627.04, 490.21, 399.96}
{628.94, 500.41, 396.34}
{630.44, 509.43, 393.14}
{631.81, 518.48, 389.92}
{633.12, 527.53, 386.71}
{634.63, 537.8, 383.06}
{636.09, 546.63, 379.93}
{637.73, 555.43, 376.8}
{639.65, 564.18, 373.7}
{642.31, 574.29, 370.12}
{645.94, 585.68, 366.09}
{496.97, 18.67, 515.34}
{498.02, 27.54, 512.86}
{499.2, 36.4, 510.37}
{500.49, 45.24, 507.87}
{501.88, 54.05, 505.36}
{503.38, 62.85, 502.84}
{504.97, 71.63, 500.31}
{506.99, 82.02, 497.3}
{508.97, 91.74, 494.46}
{511.04, 101.44, 491.61}
{513.19, 111.12, 488.75}
{515.41, 120.78, 485.88}
{517.7, 130.43, 483}
{520.06, 140.05, 480.11}
{522.64, 150.29, 477.02}
{524.97, 159.28, 474.29}
{527.35, 168.26, 471.55}
{529.78, 177.23, 468.81}
{532.27, 186.18, 466.06}
{534.79, 195.11, 463.3}
{537.36, 204.03, 460.54}
{540.34, 214.13, 457.4}
{543.3, 224.01, 454.31}
{546.32, 233.87, 451.22}
{549.38, 243.71, 448.12}
{552.49, 253.54, 445.02}
{555.64, 263.35, 441.91}
{558.91, 273.34, 438.73}
{561.74, 281.87, 436.01}
{564.59, 290.39, 433.29}
{567.49, 298.9, 430.56}
{570.41, 307.39, 427.83}
{573.36, 315.88, 425.1}
{576.85, 325.81, 421.89}
{580.14, 335.05, 418.9}
{583.47, 344.29, 415.91}
{586.83, 353.51, 412.92}
{590.21, 362.72, 409.92}
{593.89, 372.6, 406.7}
{597.39, 381.91, 403.67}
{600.92, 391.21, 400.63}
{604.48, 400.51, 397.59}
{608.06, 409.79, 394.55}
{611.87, 419.61, 391.33}
{615.05, 427.86, 388.63}
{618.2, 436.13, 385.92}
{621.31, 444.4, 383.2}
{624.37, 452.7, 380.48}
{627.93, 462.56, 377.25}
{631.49, 472.72, 373.91}
{634.94, 482.92, 370.57}
{638.31, 493.14, 367.22}
{641.52, 503.15, 363.94}
{644.76, 513.36, 360.6}
{647.98, 523.59, 357.26}
{651.24, 533.8, 353.93}
{654.52, 543.81, 350.67}
{657.38, 552.24, 347.94}
{660.35, 560.64, 345.21}
{663.45, 568.99, 342.51}
{667.21, 578.61, 339.41}
{497.57, 18.27, 476.64}
{499.3, 28.38, 473.62}
{501.12, 38.48, 470.6}
{503.03, 48.56, 467.58}
{505.03, 58.62, 464.57}
{507.12, 68.67, 461.56}
{509.35, 78.98, 458.47}
{511.52, 88.65, 455.56}
{513.76, 98.31, 452.66}
{516.06, 107.96, 449.77}
{518.43, 117.58, 446.87}
{520.86, 127.2, 443.98}
{523.35, 136.8, 441.09}
{526.06, 147.01, 438.02}
{528.51, 156.04, 435.3}
{531.02, 165.07, 432.59}
{533.57, 174.08, 429.87}
{536.16, 183.08, 427.16}
{538.8, 192.07, 424.45}
{541.47, 201.05, 421.74}
{544.55, 211.17, 418.69}
{547.52, 220.82, 415.79}
{550.54, 230.45, 412.88}
{553.61, 240.07, 409.98}
{556.71, 249.68, 407.08}
{559.86, 259.28, 404.19}
{563.21, 269.34, 401.16}
{566.07, 277.84, 398.6}
{568.96, 286.34, 396.04}
{571.89, 294.83, 393.48}
{574.84, 303.31, 390.93}
{577.81, 311.78, 388.38}
{581.36, 321.76, 385.37}
{584.36, 330.09, 382.87}
{587.37, 338.4, 380.37}
{590.41, 346.71, 377.87}
{593.48, 355.01, 375.38}
{596.57, 363.31, 372.89}
{600.29, 373.21, 369.92}
{603.79, 382.43, 367.16}
{607.31, 391.63, 364.4}
{610.87, 400.83, 361.65}
{614.45, 410.02, 358.9}
{618.32, 419.88, 355.96}
{621.73, 428.49, 353.39}
{625.16, 437.1, 350.82}
{628.6, 445.71, 348.26}
{632.05, 454.32, 345.7}
{635.97, 464.14, 342.78}
{639.43, 472.84, 340.21}
{642.89, 481.54, 337.63}
{646.34, 490.25, 335.06}
{649.78, 498.96, 332.49}
{653.68, 508.82, 329.59}
{657.42, 518.27, 326.81}
{661.19, 527.72, 324.04}
{664.98, 537.15, 321.28}
{668.97, 546.98, 318.41}
{673.27, 557.4, 315.38}
{677.63, 567.8, 312.36}
{501.78, 18.38, 437.19}
{503.66, 28.55, 434.18}
{505.63, 38.71, 431.18}
{507.69, 48.86, 428.19}
{509.84, 58.98, 425.21}
{512.06, 69.1, 422.23}
{514.4, 79.41, 419.2}
{516.7, 89.17, 416.34}
{519.06, 98.92, 413.49}
{521.48, 108.66, 410.64}
{523.97, 118.39, 407.8}
{526.51, 128.1, 404.97}
{529.11, 137.8, 402.15}
{531.91, 148.01, 399.18}
{534.41, 156.95, 396.59}
{536.95, 165.87, 394.01}
{539.54, 174.79, 391.43}
{542.16, 183.69, 388.85}
{544.83, 192.59, 386.29}
{547.54, 201.48, 383.73}
{550.66, 211.57, 380.83}
{553.68, 221.2, 378.06}
{556.75, 230.81, 375.31}
{559.86, 240.42, 372.56}
{563.01, 250.01, 369.82}
{566.19, 259.59, 367.09}
{569.58, 269.65, 364.22}
{572.71, 278.82, 361.62}
{575.87, 287.98, 359.02}
{579.07, 297.13, 356.43}
{582.29, 306.27, 353.85}
{585.55, 315.4, 351.27}
{589.15, 325.4, 348.45}
{592.82, 335.47, 345.62}
{596.53, 345.53, 342.79}
{600.27, 355.59, 339.98}
{604.04, 365.63, 337.17}
{607.82, 375.58, 334.39}
{611.47, 385.11, 331.74}
{615.15, 394.63, 329.09}
{618.85, 404.14, 326.45}
{622.59, 413.64, 323.82}
{626.52, 423.58, 321.08}
{630.3, 433.04, 318.47}
{634.11, 442.49, 315.87}
{637.94, 451.94, 313.27}
{641.79, 461.38, 310.69}
{645.86, 471.26, 307.98}
{649.2, 479.34, 305.78}
{652.56, 487.41, 303.58}
{655.93, 495.48, 301.39}
{659.31, 503.55, 299.2}
{663.47, 513.39, 296.49}
{667.56, 523.1, 293.94}
{671.69, 532.77, 291.3}
{675.83, 542.44, 288.7}
{680.96, 554.33, 285.51}
{507.61, 18.32, 397.05}
{509.16, 27.03, 394.53}
{510.86, 35.71, 392.03}
{512.72, 44.36, 389.55}
{514.69, 52.99, 387.08}
{516.68, 61.62, 384.61}
{518.65, 70.26, 382.14}
{521.1, 80.58, 379.2}
{523.47, 90.34, 376.42}
{525.79, 100.1, 373.64}
{528.09, 109.86, 370.86}
{530.5, 119.61, 368.09}
{533.12, 129.3, 365.35}
{535.97, 138.95, 362.66}
{538.96, 149.15, 359.8}
{541.46, 158.08, 357.3}
{544.05, 166.99, 354.81}
{546.71, 175.89, 352.33}
{549.41, 184.77, 349.86}
{552.14, 193.64, 347.4}
{554.88, 202.52, 344.94}
{558.09, 212.67, 342.14}
{561.31, 222.7, 339.38}
{564.48, 232.74, 336.61}
{567.62, 242.79, 333.83}
{570.88, 252.82, 331.07}
{574.39, 262.77, 328.38}
{577.99, 272.81, 325.68}
{581.01, 281.52, 323.32}
{583.99, 290.24, 320.95}
{586.96, 298.97, 318.57}
{590.02, 307.67, 316.23}
{593.24, 316.32, 313.92}
{597.2, 326.27, 311.32}
{600.51, 334.6, 309.15}
{603.67, 342.97, 306.93}
{606.65, 351.39, 304.67}
{609.59, 359.83, 302.39}
{612.67, 368.23, 300.15}
{616.53, 378.18, 297.54}
{619.73, 386.4, 295.39}
{622.94, 394.61, 293.24}
{626.14, 402.83, 291.1}
{629.35, 411.04, 288.96}
{632.59, 419.24, 286.83}
{636.55, 429.17, 284.26}
{640.21, 438.32, 281.9}
{643.91, 447.45, 279.55}
{647.65, 456.58, 277.23}
{651.42, 465.7, 274.91}
{655.55, 475.6, 272.42}
{658.94, 483.7, 270.37}
{662.32, 491.81, 268.33}
{665.68, 499.93, 266.27}
{669.09, 508.03, 264.24}
{673.34, 517.89, 261.81}
{677.04, 526.56, 259.66}
{680.72, 535.23, 257.5}
{684.45, 543.88, 255.37}
{515.12, 18.53, 355.81}
{516.7, 27.35, 353.3}
{518.44, 36.16, 350.82}
{520.35, 44.94, 348.36}
{522.4, 53.69, 345.93}
{524.5, 62.44, 343.51}
{526.57, 71.19, 341.09}
{529.04, 81.51, 338.24}
{531.47, 91.36, 335.53}
{533.96, 101.2, 332.84}
{536.51, 111.03, 330.15}
{539.13, 120.84, 327.49}
{541.8, 130.65, 324.83}
{544.52, 140.44, 322.2}
{547.36, 150.68, 319.43}
{549.94, 159.9, 316.95}
{552.63, 169.1, 314.5}
{555.42, 178.28, 312.08}
{558.3, 187.43, 309.69}
{561.2, 196.59, 307.3}
{564.08, 205.74, 304.91}
{567.3, 215.9, 302.27}
{570.38, 225.41, 299.81}
{573.49, 234.91, 297.36}
{576.65, 244.41, 294.93}
{579.84, 253.89, 292.52}
{583.06, 263.37, 290.11}
{586.52, 273.47, 287.56}
{589.74, 282.81, 285.2}
{593.03, 292.14, 282.88}
{596.38, 301.46, 280.58}
{599.75, 310.77, 278.29}
{603.13, 320.08, 276.01}
{606.82, 330.15, 273.56}
{610.18, 339.24, 271.36}
{613.57, 348.32, 269.17}
{616.98, 357.39, 267}
{620.41, 366.46, 264.84}
{623.88, 375.52, 262.7}
{627.72, 385.57, 260.33}
{630.91, 393.86, 258.38}
{634.15, 402.14, 256.47}
{637.42, 410.41, 254.58}
{640.7, 418.68, 252.7}
{643.99, 426.95, 250.81}
{647.99, 436.93, 248.57}
{651.62, 446.01, 246.53}
{655.2, 455.1, 244.44}
{658.84, 464.17, 242.4}
{662.6, 473.22, 240.47}
{666.76, 483.16, 238.38}
{670.26, 491.64, 236.55}
{673.73, 500.12, 234.7}
{677.22, 508.59, 232.87}
{680.79, 517.06, 231.13}
{684.99, 526.96, 229.13}
{687.45, 532.79, 227.93}
{524.2, 18.57, 313.64}
{526.01, 27.71, 311.21}
{527.9, 36.85, 308.78}
{529.85, 45.97, 306.38}
{531.86, 55.08, 303.98}
{533.94, 64.18, 301.6}
{536.08, 73.27, 299.23}
{538.6, 83.64, 296.55}
{541.13, 93.78, 293.93}
{543.73, 103.91, 291.34}
{546.39, 114.03, 288.76}
{549.12, 124.14, 286.2}
{551.91, 134.23, 283.65}
{554.75, 144.32, 281.13}
{557.71, 154.6, 278.56}
{560.26, 163.29, 276.41}
{562.85, 171.97, 274.27}
{565.47, 180.64, 272.15}
{568.13, 189.31, 270.03}
{570.83, 197.97, 267.93}
{573.56, 206.62, 265.84}
{576.83, 216.83, 263.4}
{579.63, 225.43, 261.35}
{582.45, 234.02, 259.31}
{585.3, 242.6, 257.29}
{588.19, 251.18, 255.28}
{591.1, 259.75, 253.28}
{594.04, 268.32, 251.29}
{597.55, 278.48, 248.95}
{601.05, 288.52, 246.64}
{604.61, 298.55, 244.37}
{608.22, 308.57, 242.12}
{611.86, 318.58, 239.9}
{615.52, 328.59, 237.68}
{619.25, 338.7, 235.46}
{622.67, 347.9, 233.45}
{626.11, 357.09, 231.46}
{629.58, 366.28, 229.48}
{633.07, 375.46, 227.53}
{636.58, 384.63, 225.58}
{640.47, 394.7, 223.47}
{644.32, 404.64, 221.4}
{648.21, 414.57, 219.36}
{652.11, 424.5, 217.33}
{656.04, 434.42, 215.33}
{660.01, 444.47, 213.29}
{663.83, 454.08, 211.36}
{667.7, 463.68, 209.48}
{671.6, 473.27, 207.64}
{675.52, 482.86, 205.82}
{680.16, 494.21, 203.66}
{534.75, 19.25, 270.62}
{536.66, 28.84, 268.27}
{538.64, 38.42, 265.94}
{540.7, 47.98, 263.62}
{542.82, 57.53, 261.32}
{545.02, 67.07, 259.04}
{547.28, 76.6, 256.77}
{549.83, 87.01, 254.31}
{552.27, 96.71, 252.04}
{554.77, 106.4, 249.78}
{557.33, 116.08, 247.54}
{559.95, 125.75, 245.31}
{562.62, 135.41, 243.11}
{565.35, 145.05, 240.92}
{568.33, 155.4, 238.59}
{571.13, 164.96, 236.45}
{573.98, 174.51, 234.34}
{576.88, 184.06, 232.23}
{579.82, 193.59, 230.15}
{582.79, 203.11, 228.09}
{585.81, 212.63, 226.04}
{589.12, 222.9, 223.85}
{592.16, 232.22, 221.87}
{595.23, 241.53, 219.92}
{598.33, 250.83, 217.98}
{601.47, 260.13, 216.06}
{604.64, 269.42, 214.16}
{607.84, 278.7, 212.27}
{611.39, 288.92, 210.21}
{614.39, 297.43, 208.51}
{617.4, 305.95, 206.83}
{620.44, 314.45, 205.16}
{623.5, 322.96, 203.5}
{626.57, 331.46, 201.86}
{629.67, 339.95, 200.24}
{633.42, 350.14, 198.31}
{636.34, 358.02, 196.83}
{639.26, 365.9, 195.36}
{642.22, 373.77, 193.92}
{546.96, 20.46, 227.02}
{548.82, 30.17, 225.01}
{550.79, 39.86, 223.02}
{552.84, 49.53, 221.05}
{554.96, 59.2, 219.1}
{557.15, 68.85, 217.16}
{559.4, 78.49, 215.24}
{561.93, 89, 213.16}
{564.23, 98.28, 211.34}
{566.58, 107.54, 209.53}
{568.99, 116.8, 207.74}
{571.44, 126.05, 205.96}
{573.95, 135.28, 204.2}
{576.5, 144.51, 202.45}
{579.09, 153.72, 200.71}
{582.08, 164.13, 198.77}
{584.67, 173.01, 197.13}
{587.3, 181.88, 195.5}
{589.96, 190.74, 193.89}
{592.66, 199.59, 192.29}
{595.39, 208.44, 190.7}
{598.16, 217.28, 189.13}
{737.35, 721.99, 531.84}
{727.92, 727.62, 530.09}
{719.18, 734.2, 528.06}
{711.4, 741.79, 525.71}
{705.01, 750.48, 523.02}
{700.76, 760.11, 520.04}
{699.6, 769.03, 517.28}
{701.34, 777.86, 514.55}
{737.42, 725.19, 507.31}
{729.66, 729.84, 505.53}
{722.3, 735.04, 503.54}
{715.43, 740.78, 501.34}
{709.33, 747.24, 498.86}
{704.3, 754.45, 496.1}
{700.08, 763.91, 492.47}
{699.33, 770.87, 489.81}
{700.64, 777.75, 487.17}
{680.16, 494.21, 203.66}
{710.47, 734.86, 477.79}
{703.22, 743.55, 474.45}
{697.93, 753.33, 470.6}
{695.91, 763.28, 466.61}
{697.71, 772.23, 462.95}
{715.09, 709.66, 463.29}
{708.97, 715.12, 460.99}
{703.36, 721.03, 458.49}
{698.41, 727.41, 455.77}
{693.26, 736.37, 451.92}
{690.65, 744.31, 448.47}
{690.12, 752.55, 444.86}
{707.2, 690.94, 451.26}
{699.52, 698.48, 447.38}
{692.73, 706.63, 443.11}
{687.4, 715.05, 438.63}
{683.91, 723.24, 434.21}
{682.35, 731.82, 429.5}
{684.38, 742.8, 423.38}
{661.52, 676.94, 607.04}
{664.47, 685.31, 601.35}
{668.25, 693.63, 596.06}
{672.57, 702.4, 590.87}
{676.12, 709.93, 586.7}
{679.42, 717.65, 582.68}
{682.92, 727.03, 578.11}
{685.69, 735.25, 574.37}
{688.5, 743.53, 570.8}
{692.18, 753.11, 566.89}
{694.11, 757.41, 565.2}
{648.95, 647.72, 606.11}
{650.35, 651.63, 602.57}
{655.24, 659.07, 596.23}
{661.49, 665.42, 591.19}
{668.55, 671.38, 586.76}
{676.57, 677.55, 582.45}
{683.01, 682.6, 579.13}
{689.26, 687.89, 575.82}
{694.85, 693.77, 572.34}
{700.26, 702.08, 567.72}
{702.14, 708.94, 564.18}
{702.25, 716.09, 560.69}
{700.59, 725.94, 556.2}
{698.46, 735.16, 552.27}
{696.64, 744.5, 548.52}
{695.85, 754.78, 544.62}
{696.85, 763.72, 541.37}
{699.59, 772.36, 538.34}
{635.89, 617.14, 599.67}
{640.81, 626.32, 592.96}
{648.11, 632.94, 588.12}
{655.48, 637.82, 584.56}
{663.53, 641.95, 581.54}
{671.99, 645.5, 578.96}
{680.7, 648.65, 576.66}
{624.92, 591.83, 588.27}
{629.24, 600.01, 583.65}
{636.56, 607.06, 579.68}
{644.86, 612.5, 576.62}
{653.83, 617.07, 574.07}
{663.19, 621, 571.88}
{672.79, 624.49, 569.94}
{682.59, 627.5, 568.27}
{653.77, 514.52, 602.71}
{646.32, 522.26, 598.6}
{638.64, 529.82, 594.57}
{631.05, 537.44, 590.49}
{624.21, 545.01, 586.43}
{619.28, 552.13, 582.59}
{615.8, 559.87, 578.41}
{615.05, 568.15, 573.99}
{619, 577.13, 569.3}
{625.09, 583.23, 566.19}
{632.37, 588.21, 563.69}
{640.24, 592.44, 561.59}
{648.44, 596.14, 559.78}
{656.85, 599.45, 558.17}
{656.38, 438.26, 606.96}
{654.49, 449.02, 601.85}
{651.88, 459.64, 596.76}
{648.77, 469.16, 592.17}
{645.03, 478.29, 587.75}
{640.63, 487.17, 583.42}
{635.67, 495.8, 579.2}
{630.14, 504.35, 575.01}
{624.19, 513.04, 570.73}
{618.24, 521.73, 566.43}
{612.78, 530.66, 561.99}
{608.34, 539.67, 557.5}
{606.67, 548.3, 553.25}
{609.5, 556.69, 549.28}
{615.63, 563.62, 546.11}
{624.42, 569.63, 543.46}
{632.75, 574.17, 541.5}
{641.39, 578.19, 539.81}
{650.23, 581.84, 538.29}
{659.19, 585.24, 536.9}
{668.24, 588.43, 535.61}
{677.41, 591.34, 534.46}
{686.68, 593.96, 533.46}
{695.98, 596.48, 532.51}
{632.35, 348.56, 613.23}
{632.2, 359.54, 608.96}
{632.04, 370.48, 604.58}
{631.89, 380.67, 600.4}
{631.8, 389.3, 596.8}
{631.74, 397.91, 593.15}
{631.66, 406.51, 589.46}
{631.54, 415.09, 585.74}
{631.27, 425.17, 581.3}
{630.63, 435.09, 576.89}
{629.6, 444.97, 572.45}
{628.1, 454.8, 568.01}
{626.07, 464.64, 563.5}
{623.54, 474.18, 559.08}
{620.53, 483.61, 554.71}
{617.12, 492.92, 550.36}
{613.35, 502.25, 545.98}
{609.96, 510.41, 542.13}
{606.57, 518.58, 538.27}
{603.39, 526.8, 534.37}
{601.1, 536.47, 529.83}
{603.77, 544.63, 526.21}
{609.59, 551.39, 523.34}
{616.79, 556.99, 521.05}
{624.57, 561.9, 519.11}
{634.17, 566.94, 517.17}
{643.35, 571.32, 515.53}
{652.66, 575.45, 514.02}
{662.07, 579.39, 512.61}
{671.55, 583.19, 511.28}
{681.07, 586.9, 510.01}
{690.63, 590.54, 508.79}
{700.21, 594.12, 507.61}
{709.81, 597.67, 506.46}
{710.25, 776.27, 557.99}
{716.08, 783.28, 555.39}
{722.35, 789.96, 552.93}
{729.34, 795.96, 550.72}
{736.85, 801.39, 548.71}
{744.58, 806.55, 546.8}
{752.05, 812.02, 544.77}
{758.79, 818.28, 542.45}
{764.34, 825.47, 539.78}
{775.79, 837.61, 539.62}
{785.67, 841.94, 542.64}
{795.55, 846.28, 545.66}
{805.43, 850.61, 548.68}
{811.15, 861.02, 548.13}
{806.82, 869.51, 543.51}
{813.26, 879.95, 542.78}
{822.33, 883.67, 545.64}
{831.53, 887.18, 548.34}
{840.85, 890.48, 550.88}
{846.2, 899.79, 550.14}
{841.34, 907.33, 545.64}
{847.75, 917.34, 544.7}
{857.56, 921.09, 547.57}
{867.5, 924.61, 550.26}
{877.57, 927.88, 552.76}
{883.96, 937.21, 551.58}
{879.25, 943.76, 547.41}
{885.54, 952.96, 546.17}
{895.83, 956.17, 548.42}
{906.12, 959.38, 550.68}
{916.41, 962.6, 552.93}
{931.12, 973.87, 553.09}
{926.81, 979.32, 549.32}
{935.16, 987.58, 547.83}
{945.76, 989.87, 549.65}
{956.36, 992.12, 551.44}
{966.97, 994.34, 553.21}
{998.34, 1005.27, 554.16}
{1002.73, 1009.24, 551.41}
{716.68, 788.82, 535.54}
{723.12, 794.12, 538.31}
{729.98, 799, 540.86}
{737.2, 803.46, 543.16}
